run_id,seed,executor,workload,block_size,num_accounts,threads,compute_cost,skew,elapsed_ns,throughput_tps,scheduling_ns,execution_ns,validation_ns,commit_ns,conflicts_detected,reexecutions,accepted_txs,rejected_txs,final_state_hash,correct_vs_sequential
0-no-conflict-sequential-1-1000,42,sequential,no-conflict,1000,10000,1,1000,1.1,4139250,241589.65996255362,0,1892335,0,613464,0,0,1000,0,72a85deaa7400a330ddc98c75d93d1bff21a27b64d8f4c22442b601d9d11cfe0,true
0-no-conflict-static-1-1000,42,static,no-conflict,1000,10000,1,1000,1.1,3723833,268540.50651573256,810916,1329794,0,381218,0,0,1000,0,72a85deaa7400a330ddc98c75d93d1bff21a27b64d8f4c22442b601d9d11cfe0,true
0-no-conflict-optimistic-1-1000,42,optimistic,no-conflict,1000,10000,1,1000,1.1,3179500,314514.8608271741,0,1170264,96015,414417,0,0,1000,0,72a85deaa7400a330ddc98c75d93d1bff21a27b64d8f4c22442b601d9d11cfe0,true
0-hotspot-sequential-1-1000,42,sequential,hotspot,1000,10000,1,1000,1.1,2171125,460590.70758247457,0,1223970,0,165904,0,0,1000,0,fe6aaced548ad54177e227a11b5cd72356b5a582bbabda1e936fef246ee999f6,true
0-hotspot-static-1-1000,42,static,hotspot,1000,10000,1,1000,1.1,35105959,28485.192499655117,448000,1892106,0,409912,5994,0,1000,0,fe6aaced548ad54177e227a11b5cd72356b5a582bbabda1e936fef246ee999f6,true
0-hotspot-optimistic-1-1000,42,optimistic,hotspot,1000,10000,1,1000,1.1,3680250,271720.67115005775,0,2484027,73633,180234,0,999,1000,0,fe6aaced548ad54177e227a11b5cd72356b5a582bbabda1e936fef246ee999f6,true
0-zipfian-sequential-1-1000,42,sequential,zipfian,1000,10000,1,1000,1.1,2313625,432222.1621913663,0,1273421,0,197012,0,0,1000,0,c3e8ee121049859902fb9efc902b1f1f9ff3b1519dc3f50144655d369eb38267,true
0-zipfian-static-1-1000,42,static,zipfian,1000,10000,1,1000,1.1,17635875,56702.60194064656,755541,1904316,0,639369,1269,0,1000,0,c3e8ee121049859902fb9efc902b1f1f9ff3b1519dc3f50144655d369eb38267,true
0-zipfian-optimistic-1-1000,42,optimistic,zipfian,1000,10000,1,1000,1.1,3673834,272195.20533589704,0,2393232,82277,216706,0,872,1000,0,c3e8ee121049859902fb9efc902b1f1f9ff3b1519dc3f50144655d369eb38267,true
0-token-transfer-sequential-1-1000,42,sequential,token-transfer,1000,10000,1,1000,1.1,4413292,226588.22484440185,0,1485627,0,276147,0,0,1000,0,bbcfa924be04469e9cb0ccceeecc20cf11147b9785cdd1365f998ec6c6cd6019,true
0-token-transfer-static-1-1000,42,static,token-transfer,1000,10000,1,1000,1.1,5472958,182716.54925910267,1294042,1420334,0,391164,51,0,1000,0,bbcfa924be04469e9cb0ccceeecc20cf11147b9785cdd1365f998ec6c6cd6019,true
0-token-transfer-optimistic-1-1000,42,optimistic,token-transfer,1000,10000,1,1000,1.1,4990625,200375.70444583593,0,1588942,95617,396398,0,183,1000,0,bbcfa924be04469e9cb0ccceeecc20cf11147b9785cdd1365f998ec6c6cd6019,true
0-private-state-sequential-1-1000,42,sequential,private-state,1000,10000,1,1000,1.1,5369041,186253.00123429866,0,2501215,0,867658,0,0,842,158,4dc1b9cf6d171d2b24ea25fbe3eb7d827dcae0a4a146ba3e92d2491efbfd484b,true
0-private-state-static-1-1000,42,static,private-state,1000,10000,1,1000,1.1,100752625,9925.299713034772,493375,3134333,0,1135361,3000,0,842,158,4dc1b9cf6d171d2b24ea25fbe3eb7d827dcae0a4a146ba3e92d2491efbfd484b,true
0-private-state-optimistic-1-1000,42,optimistic,private-state,1000,10000,1,1000,1.1,7333375,136362.86157465016,0,4101302,213553,1085705,0,999,842,158,4dc1b9cf6d171d2b24ea25fbe3eb7d827dcae0a4a146ba3e92d2491efbfd484b,true
1-no-conflict-sequential-1-1000,43,sequential,no-conflict,1000,10000,1,1000,1.1,3677458,271926.96694292634,0,1840112,0,618562,0,0,1000,0,72a85deaa7400a330ddc98c75d93d1bff21a27b64d8f4c22442b601d9d11cfe0,true
1-no-conflict-static-1-1000,43,static,no-conflict,1000,10000,1,1000,1.1,4442542,225096.35249368494,802125,1205217,0,966841,0,0,1000,0,72a85deaa7400a330ddc98c75d93d1bff21a27b64d8f4c22442b601d9d11cfe0,true
1-no-conflict-optimistic-1-1000,43,optimistic,no-conflict,1000,10000,1,1000,1.1,4783208,209064.71138198464,0,2468192,84660,301636,0,0,1000,0,72a85deaa7400a330ddc98c75d93d1bff21a27b64d8f4c22442b601d9d11cfe0,true
1-hotspot-sequential-1-1000,43,sequential,hotspot,1000,10000,1,1000,1.1,2553333,391644.9597447728,0,1325128,0,187254,0,0,1000,0,45185c07d7992449281ee63a781a085974cb4781eea6a0b426fe84985d7fa22b,true
1-hotspot-static-1-1000,43,static,hotspot,1000,10000,1,1000,1.1,50894792,19648.37581024007,458333,2334625,0,661453,5994,0,1000,0,45185c07d7992449281ee63a781a085974cb4781eea6a0b426fe84985d7fa22b,true
1-hotspot-optimistic-1-1000,43,optimistic,hotspot,1000,10000,1,1000,1.1,3879167,257787.30330506523,0,2576902,78676,175923,0,999,1000,0,45185c07d7992449281ee63a781a085974cb4781eea6a0b426fe84985d7fa22b,true
1-zipfian-sequential-1-1000,43,sequential,zipfian,1000,10000,1,1000,1.1,2722083,367365.72690840065,0,1426397,0,248292,0,0,1000,0,cf09f453935728100a03fc02b958797292b5a4355d106aa6e3e1603077b29b22,true
1-zipfian-static-1-1000,43,static,zipfian,1000,10000,1,1000,1.1,14265042,70101.44099120072,692375,1674078,0,438750,1323,0,1000,0,cf09f453935728100a03fc02b958797292b5a4355d106aa6e3e1603077b29b22,true
1-zipfian-optimistic-1-1000,43,optimistic,zipfian,1000,10000,1,1000,1.1,3962250,252381.85374471577,0,2636409,68267,202413,0,876,1000,0,cf09f453935728100a03fc02b958797292b5a4355d106aa6e3e1603077b29b22,true
1-token-transfer-sequential-1-1000,43,sequential,token-transfer,1000,10000,1,1000,1.1,2764209,361767.1456825443,0,1380356,0,303033,0,0,1000,0,669dc9d3c63b53f619fe494a68186966810e2549b391a66b37c1ccc863422dd8,true
1-token-transfer-static-1-1000,43,static,token-transfer,1000,10000,1,1000,1.1,4345209,230138.5272837279,819334,1328636,0,279207,63,0,1000,0,669dc9d3c63b53f619fe494a68186966810e2549b391a66b37c1ccc863422dd8,true
1-token-transfer-optimistic-1-1000,43,optimistic,token-transfer,1000,10000,1,1000,1.1,2828417,353554.6561910779,0,1360230,78329,230686,0,169,1000,0,669dc9d3c63b53f619fe494a68186966810e2549b391a66b37c1ccc863422dd8,true
1-private-state-sequential-1-1000,43,sequential,private-state,1000,10000,1,1000,1.1,2662250,375622.124143112,0,1374300,0,225036,0,0,833,167,15c801c82838a1333a946311de375e73a118607d0dc2a9a5e415e457ddcc7cae,true
1-private-state-static-1-1000,43,static,private-state,1000,10000,1,1000,1.1,40459625,24715.997738486207,485500,2123038,0,450146,3003,0,833,167,15c801c82838a1333a946311de375e73a118607d0dc2a9a5e415e457ddcc7cae,true
1-private-state-optimistic-1-1000,43,optimistic,private-state,1000,10000,1,1000,1.1,3892666,256893.34764400544,0,2422883,72701,254705,0,999,833,167,15c801c82838a1333a946311de375e73a118607d0dc2a9a5e415e457ddcc7cae,true
2-no-conflict-sequential-1-1000,44,sequential,no-conflict,1000,10000,1,1000,1.1,2617625,382025.691227735,0,1276953,0,268716,0,0,1000,0,72a85deaa7400a330ddc98c75d93d1bff21a27b64d8f4c22442b601d9d11cfe0,true
2-no-conflict-static-1-1000,44,static,no-conflict,1000,10000,1,1000,1.1,3474000,287852.6194588371,801834,1203662,0,242664,0,0,1000,0,72a85deaa7400a330ddc98c75d93d1bff21a27b64d8f4c22442b601d9d11cfe0,true
2-no-conflict-optimistic-1-1000,44,optimistic,no-conflict,1000,10000,1,1000,1.1,2692125,371453.7772205971,0,1196208,77211,234337,0,0,1000,0,72a85deaa7400a330ddc98c75d93d1bff21a27b64d8f4c22442b601d9d11cfe0,true
2-hotspot-sequential-1-1000,44,sequential,hotspot,1000,10000,1,1000,1.1,2176458,459462.1168890004,0,1210358,0,159714,0,0,1000,0,19956aa732e245a6e10dacfa3a123890a8083896a5357a325fefb2436ba3543d,true
2-hotspot-static-1-1000,44,static,hotspot,1000,10000,1,1000,1.1,36191708,27630.638487688946,441500,1946687,0,499140,5997,0,1000,0,19956aa732e245a6e10dacfa3a123890a8083896a5357a325fefb2436ba3543d,true
2-hotspot-optimistic-1-1000,44,optimistic,hotspot,1000,10000,1,1000,1.1,3570125,280102.2373166206,0,2456491,78051,167390,0,999,1000,0,19956aa732e245a6e10dacfa3a123890a8083896a5357a325fefb2436ba3543d,true
2-zipfian-sequential-1-1000,44,sequential,zipfian,1000,10000,1,1000,1.1,2409084,415095.5300852938,0,1208427,0,190388,0,0,1000,0,be1f285a31782df3118d164a914f06853e0a7458305bcfd64be9d800dd88b63a,true
2-zipfian-static-1-1000,44,static,zipfian,1000,10000,1,1000,1.1,13211625,75690.91614392628,719333,1535703,0,316140,1338,0,1000,0,be1f285a31782df3118d164a914f06853e0a7458305bcfd64be9d800dd88b63a,true
2-zipfian-optimistic-1-1000,44,optimistic,zipfian,1000,10000,1,1000,1.1,3909250,255803.54287906885,0,2407511,88308,215642,0,870,1000,0,be1f285a31782df3118d164a914f06853e0a7458305bcfd64be9d800dd88b63a,true
2-token-transfer-sequential-1-1000,44,sequential,token-transfer,1000,10000,1,1000,1.1,3100083,322572.00855589996,0,1777018,0,288104,0,0,1000,0,4149360958f87b63ac3e460ba203cdfbe81f5951a83fbb26c472853c1e24ce10,true
2-token-transfer-static-1-1000,44,static,token-transfer,1000,10000,1,1000,1.1,5322208,187891.94259224742,829583,1632617,0,617666,42,0,1000,0,4149360958f87b63ac3e460ba203cdfbe81f5951a83fbb26c472853c1e24ce10,true
2-token-transfer-optimistic-1-1000,44,optimistic,token-transfer,1000,10000,1,1000,1.1,3033917,329606.9075060392,0,1482255,79973,251591,0,162,1000,0,4149360958f87b63ac3e460ba203cdfbe81f5951a83fbb26c472853c1e24ce10,true
2-private-state-sequential-1-1000,44,sequential,private-state,1000,10000,1,1000,1.1,2493583,401029.36216680973,0,1237631,0,215255,0,0,860,140,e2c668e2fae8d5d013252154455317f5bd16c150b118ff19b4c1f2dcb0482646,true
2-private-state-static-1-1000,44,static,private-state,1000,10000,1,1000,1.1,35333167,28302.020025547103,461791,1883351,0,376087,2997,0,860,140,e2c668e2fae8d5d013252154455317f5bd16c150b118ff19b4c1f2dcb0482646,true
2-private-state-optimistic-1-1000,44,optimistic,private-state,1000,10000,1,1000,1.1,3868916,258470.33122456007,0,2383030,63150,219503,0,999,860,140,e2c668e2fae8d5d013252154455317f5bd16c150b118ff19b4c1f2dcb0482646,true
0-no-conflict-sequential-2-1000,42,sequential,no-conflict,1000,10000,2,1000,1.1,2436708,410389.755358459,0,1188042,0,227678,0,0,1000,0,72a85deaa7400a330ddc98c75d93d1bff21a27b64d8f4c22442b601d9d11cfe0,true
0-no-conflict-static-2-1000,42,static,no-conflict,1000,10000,2,1000,1.1,3179709,314494.18799015885,765667,1333079,0,247100,0,0,1000,0,72a85deaa7400a330ddc98c75d93d1bff21a27b64d8f4c22442b601d9d11cfe0,true
0-no-conflict-optimistic-2-1000,42,optimistic,no-conflict,1000,10000,2,1000,1.1,2253625,443729.54684120027,0,1299905,86850,241099,0,0,1000,0,72a85deaa7400a330ddc98c75d93d1bff21a27b64d8f4c22442b601d9d11cfe0,true
0-hotspot-sequential-2-1000,42,sequential,hotspot,1000,10000,2,1000,1.1,3813458,262229.1893604178,0,2177921,0,553920,0,0,1000,0,fe6aaced548ad54177e227a11b5cd72356b5a582bbabda1e936fef246ee999f6,true
0-hotspot-static-2-1000,42,static,hotspot,1000,10000,2,1000,1.1,40871917,24466.677205280095,572541,2320112,0,479741,5994,0,1000,0,fe6aaced548ad54177e227a11b5cd72356b5a582bbabda1e936fef246ee999f6,true
0-hotspot-optimistic-2-1000,42,optimistic,hotspot,1000,10000,2,1000,1.1,3143042,318163.10440649535,0,2590913,89497,183750,0,999,1000,0,fe6aaced548ad54177e227a11b5cd72356b5a582bbabda1e936fef246ee999f6,true
0-zipfian-sequential-2-1000,42,sequential,zipfian,1000,10000,2,1000,1.1,2330250,429138.504452312,0,1301177,0,189609,0,0,1000,0,c3e8ee121049859902fb9efc902b1f1f9ff3b1519dc3f50144655d369eb38267,true
0-zipfian-static-2-1000,42,static,zipfian,1000,10000,2,1000,1.1,20100708,49749.49141094931,663916,2142961,0,622134,1269,0,1000,0,c3e8ee121049859902fb9efc902b1f1f9ff3b1519dc3f50144655d369eb38267,true
0-zipfian-optimistic-2-1000,42,optimistic,zipfian,1000,10000,2,1000,1.1,4048750,246989.8116702686,0,3060750,85335,239628,0,872,1000,0,c3e8ee121049859902fb9efc902b1f1f9ff3b1519dc3f50144655d369eb38267,true
0-token-transfer-sequential-2-1000,42,sequential,token-transfer,1000,10000,2,1000,1.1,2750416,363581.3636918924,0,1291664,0,248012,0,0,1000,0,bbcfa924be04469e9cb0ccceeecc20cf11147b9785cdd1365f998ec6c6cd6019,true
0-token-transfer-static-2-1000,42,static,token-transfer,1000,10000,2,1000,1.1,3843000,260213.37496747333,792167,1608052,0,312284,51,0,1000,0,bbcfa924be04469e9cb0ccceeecc20cf11147b9785cdd1365f998ec6c6cd6019,true
0-token-transfer-optimistic-2-1000,42,optimistic,token-transfer,1000,10000,2,1000,1.1,2539583,393765.43314394524,0,1594600,89394,260134,0,183,1000,0,bbcfa924be04469e9cb0ccceeecc20cf11147b9785cdd1365f998ec6c6cd6019,true
0-private-state-sequential-2-1000,42,sequential,private-state,1000,10000,2,1000,1.1,2408875,415131.5448082611,0,1216208,0,199096,0,0,842,158,4dc1b9cf6d171d2b24ea25fbe3eb7d827dcae0a4a146ba3e92d2491efbfd484b,true
0-private-state-static-2-1000,42,static,private-state,1000,10000,2,1000,1.1,48674875,20544.480083410588,500500,2701082,0,535322,3000,0,842,158,4dc1b9cf6d171d2b24ea25fbe3eb7d827dcae0a4a146ba3e92d2491efbfd484b,true
0-private-state-optimistic-2-1000,42,optimistic,private-state,1000,10000,2,1000,1.1,3833709,260844.00250514582,0,3025697,91149,244762,0,999,842,158,4dc1b9cf6d171d2b24ea25fbe3eb7d827dcae0a4a146ba3e92d2491efbfd484b,true
1-no-conflict-sequential-2-1000,43,sequential,no-conflict,1000,10000,2,1000,1.1,2521208,396635.26373071957,0,1248133,0,232549,0,0,1000,0,72a85deaa7400a330ddc98c75d93d1bff21a27b64d8f4c22442b601d9d11cfe0,true
1-no-conflict-static-2-1000,43,static,no-conflict,1000,10000,2,1000,1.1,3018500,331290.37601457676,835167,1354029,0,293315,0,0,1000,0,72a85deaa7400a330ddc98c75d93d1bff21a27b64d8f4c22442b601d9d11cfe0,true
1-no-conflict-optimistic-2-1000,43,optimistic,no-conflict,1000,10000,2,1000,1.1,2488292,401882.0942236683,0,1519075,84145,247309,0,0,1000,0,72a85deaa7400a330ddc98c75d93d1bff21a27b64d8f4c22442b601d9d11cfe0,true
1-hotspot-sequential-2-1000,43,sequential,hotspot,1000,10000,2,1000,1.1,2145375,466118.97686884576,0,1196506,0,161367,0,0,1000,0,45185c07d7992449281ee63a781a085974cb4781eea6a0b426fe84985d7fa22b,true
1-hotspot-static-2-1000,43,static,hotspot,1000,10000,2,1000,1.1,39009459,25634.808214079563,437167,2107617,0,411253,5994,0,1000,0,45185c07d7992449281ee63a781a085974cb4781eea6a0b426fe84985d7fa22b,true
1-hotspot-optimistic-2-1000,43,optimistic,hotspot,1000,10000,2,1000,1.1,3102834,322286.01336713467,0,2593127,70161,174950,0,999,1000,0,45185c07d7992449281ee63a781a085974cb4781eea6a0b426fe84985d7fa22b,true
1-zipfian-sequential-2-1000,43,sequential,zipfian,1000,10000,2,1000,1.1,2269625,440601.4209395825,0,1233159,0,188053,0,0,1000,0,cf09f453935728100a03fc02b958797292b5a4355d106aa6e3e1603077b29b22,true
1-zipfian-static-2-1000,43,static,zipfian,1000,10000,2,1000,1.1,22192959,45059.33616152762,712000,2215025,0,528457,1323,0,1000,0,cf09f453935728100a03fc02b958797292b5a4355d106aa6e3e1603077b29b22,true
1-zipfian-optimistic-2-1000,43,optimistic,zipfian,1000,10000,2,1000,1.1,2979042,335678.38251357316,0,2404136,77183,193542,0,876,1000,0,cf09f453935728100a03fc02b958797292b5a4355d106aa6e3e1603077b29b22,true
1-token-transfer-sequential-2-1000,43,sequential,token-transfer,1000,10000,2,1000,1.1,2507000,398883.12724371755,0,1250761,0,244301,0,0,1000,0,669dc9d3c63b53f619fe494a68186966810e2549b391a66b37c1ccc863422dd8,true
1-token-transfer-static-2-1000,43,static,token-transfer,1000,10000,2,1000,1.1,3702167,270112.0721998764,825083,1595882,0,286539,63,0,1000,0,669dc9d3c63b53f619fe494a68186966810e2549b391a66b37c1ccc863422dd8,true
1-token-transfer-optimistic-2-1000,43,optimistic,token-transfer,1000,10000,2,1000,1.1,2496125,400620.96249186236,0,1680049,89115,260366,0,169,1000,0,669dc9d3c63b53f619fe494a68186966810e2549b391a66b37c1ccc863422dd8,true
1-private-state-sequential-2-1000,43,sequential,private-state,1000,10000,2,1000,1.1,2528542,395484.82880648214,0,1274321,0,219263,0,0,833,167,15c801c82838a1333a946311de375e73a118607d0dc2a9a5e415e457ddcc7cae,true
1-private-state-static-2-1000,43,static,private-state,1000,10000,2,1000,1.1,43033334,23237.799794921768,455292,2352625,0,395671,3003,0,833,167,15c801c82838a1333a946311de375e73a118607d0dc2a9a5e415e457ddcc7cae,true
1-private-state-optimistic-2-1000,43,optimistic,private-state,1000,10000,2,1000,1.1,3729959,268099.4616830909,0,2660395,79466,219499,0,999,833,167,15c801c82838a1333a946311de375e73a118607d0dc2a9a5e415e457ddcc7cae,true
2-no-conflict-sequential-2-1000,44,sequential,no-conflict,1000,10000,2,1000,1.1,2541834,393416.7219417161,0,1261709,0,244928,0,0,1000,0,72a85deaa7400a330ddc98c75d93d1bff21a27b64d8f4c22442b601d9d11cfe0,true
2-no-conflict-static-2-1000,44,static,no-conflict,1000,10000,2,1000,1.1,3049000,327976.38570022956,788000,1701222,0,255477,0,0,1000,0,72a85deaa7400a330ddc98c75d93d1bff21a27b64d8f4c22442b601d9d11cfe0,true
2-no-conflict-optimistic-2-1000,44,optimistic,no-conflict,1000,10000,2,1000,1.1,4031834,248026.08440724495,0,1782084,183709,724131,0,0,1000,0,72a85deaa7400a330ddc98c75d93d1bff21a27b64d8f4c22442b601d9d11cfe0,true
2-hotspot-sequential-2-1000,44,sequential,hotspot,1000,10000,2,1000,1.1,2230042,448422.0476565016,0,1253632,0,186550,0,0,1000,0,19956aa732e245a6e10dacfa3a123890a8083896a5357a325fefb2436ba3543d,true
2-hotspot-static-2-1000,44,static,hotspot,1000,10000,2,1000,1.1,110334709,9063.331104630004,435542,3731883,0,1243683,5997,0,1000,0,19956aa732e245a6e10dacfa3a123890a8083896a5357a325fefb2436ba3543d,true
2-hotspot-optimistic-2-1000,44,optimistic,hotspot,1000,10000,2,1000,1.1,3105917,321966.1053402264,0,2570170,81661,175745,0,999,1000,0,19956aa732e245a6e10dacfa3a123890a8083896a5357a325fefb2436ba3543d,true
2-zipfian-sequential-2-1000,44,sequential,zipfian,1000,10000,2,1000,1.1,2274375,439681.2311074471,0,1245253,0,190323,0,0,1000,0,be1f285a31782df3118d164a914f06853e0a7458305bcfd64be9d800dd88b63a,true
2-zipfian-static-2-1000,44,static,zipfian,1000,10000,2,1000,1.1,24337125,41089.48776817311,717292,2539168,0,772464,1338,0,1000,0,be1f285a31782df3118d164a914f06853e0a7458305bcfd64be9d800dd88b63a,true
2-zipfian-optimistic-2-1000,44,optimistic,zipfian,1000,10000,2,1000,1.1,3148084,317653.53148137085,0,2674350,99412,203442,0,870,1000,0,be1f285a31782df3118d164a914f06853e0a7458305bcfd64be9d800dd88b63a,true
2-token-transfer-sequential-2-1000,44,sequential,token-transfer,1000,10000,2,1000,1.1,2613084,382689.57293374423,0,1250985,0,237026,0,0,1000,0,4149360958f87b63ac3e460ba203cdfbe81f5951a83fbb26c472853c1e24ce10,true
2-token-transfer-static-2-1000,44,static,token-transfer,1000,10000,2,1000,1.1,3648250,274104.0224765298,819333,1555436,0,329878,42,0,1000,0,4149360958f87b63ac3e460ba203cdfbe81f5951a83fbb26c472853c1e24ce10,true
2-token-transfer-optimistic-2-1000,44,optimistic,token-transfer,1000,10000,2,1000,1.1,2380208,420131.3498652219,0,1560268,83354,268345,0,162,1000,0,4149360958f87b63ac3e460ba203cdfbe81f5951a83fbb26c472853c1e24ce10,true
2-private-state-sequential-2-1000,44,sequential,private-state,1000,10000,2,1000,1.1,2486875,402111.08318673034,0,1219421,0,225330,0,0,860,140,e2c668e2fae8d5d013252154455317f5bd16c150b118ff19b4c1f2dcb0482646,true
2-private-state-static-2-1000,44,static,private-state,1000,10000,2,1000,1.1,48465958,20633.03896726853,461958,2540535,0,517867,2997,0,860,140,e2c668e2fae8d5d013252154455317f5bd16c150b118ff19b4c1f2dcb0482646,true
2-private-state-optimistic-2-1000,44,optimistic,private-state,1000,10000,2,1000,1.1,3756042,266237.704477213,0,3175541,100680,233300,0,999,860,140,e2c668e2fae8d5d013252154455317f5bd16c150b118ff19b4c1f2dcb0482646,true
0-no-conflict-sequential-4-1000,42,sequential,no-conflict,1000,10000,4,1000,1.1,2502083,399666.99745771824,0,1234196,0,232937,0,0,1000,0,72a85deaa7400a330ddc98c75d93d1bff21a27b64d8f4c22442b601d9d11cfe0,true
0-no-conflict-static-4-1000,42,static,no-conflict,1000,10000,4,1000,1.1,2855166,350242.33266997436,838375,2122118,0,258010,0,0,1000,0,72a85deaa7400a330ddc98c75d93d1bff21a27b64d8f4c22442b601d9d11cfe0,true
0-no-conflict-optimistic-4-1000,42,optimistic,no-conflict,1000,10000,4,1000,1.1,1914708,522272.8478702758,0,1456879,86004,236367,0,0,1000,0,72a85deaa7400a330ddc98c75d93d1bff21a27b64d8f4c22442b601d9d11cfe0,true
0-hotspot-sequential-4-1000,42,sequential,hotspot,1000,10000,4,1000,1.1,2435750,410551.16493893054,0,1345344,0,251637,0,0,1000,0,fe6aaced548ad54177e227a11b5cd72356b5a582bbabda1e936fef246ee999f6,true
0-hotspot-static-4-1000,42,static,hotspot,1000,10000,4,1000,1.1,51583000,19386.231898105965,463250,2642795,0,546463,5994,0,1000,0,fe6aaced548ad54177e227a11b5cd72356b5a582bbabda1e936fef246ee999f6,true
0-hotspot-optimistic-4-1000,42,optimistic,hotspot,1000,10000,4,1000,1.1,2851500,350692.6179203928,0,2707051,75843,214741,0,999,1000,0,fe6aaced548ad54177e227a11b5cd72356b5a582bbabda1e936fef246ee999f6,true
0-zipfian-sequential-4-1000,42,sequential,zipfian,1000,10000,4,1000,1.1,2284334,437764.35494984535,0,1248039,0,197358,0,0,1000,0,c3e8ee121049859902fb9efc902b1f1f9ff3b1519dc3f50144655d369eb38267,true
0-zipfian-static-4-1000,42,static,zipfian,1000,10000,4,1000,1.1,21799417,45872.78641442567,749708,2267900,0,542452,1269,0,1000,0,c3e8ee121049859902fb9efc902b1f1f9ff3b1519dc3f50144655d369eb38267,true
0-zipfian-optimistic-4-1000,42,optimistic,zipfian,1000,10000,4,1000,1.1,4037958,247649.92602696706,0,4312024,165002,293278,0,872,1000,0,c3e8ee121049859902fb9efc902b1f1f9ff3b1519dc3f50144655d369eb38267,true
0-token-transfer-sequential-4-1000,42,sequential,token-transfer,1000,10000,4,1000,1.1,2413083,414407.6270894951,0,1199749,0,234178,0,0,1000,0,bbcfa924be04469e9cb0ccceeecc20cf11147b9785cdd1365f998ec6c6cd6019,true
0-token-transfer-static-4-1000,42,static,token-transfer,1000,10000,4,1000,1.1,3711416,269438.9419024976,776792,1660611,0,295741,51,0,1000,0,bbcfa924be04469e9cb0ccceeecc20cf11147b9785cdd1365f998ec6c6cd6019,true
0-token-transfer-optimistic-4-1000,42,optimistic,token-transfer,1000,10000,4,1000,1.1,2245500,445335.11467379204,0,1853784,85070,237176,0,183,1000,0,bbcfa924be04469e9cb0ccceeecc20cf11147b9785cdd1365f998ec6c6cd6019,true
0-private-state-sequential-4-1000,42,sequential,private-state,1000,10000,4,1000,1.1,2442542,409409.5413712436,0,1199993,0,205171,0,0,842,158,4dc1b9cf6d171d2b24ea25fbe3eb7d827dcae0a4a146ba3e92d2491efbfd484b,true
0-private-state-static-4-1000,42,static,private-state,1000,10000,4,1000,1.1,51361291,19469.915582924114,466459,2653120,0,517419,3000,0,842,158,4dc1b9cf6d171d2b24ea25fbe3eb7d827dcae0a4a146ba3e92d2491efbfd484b,true
0-private-state-optimistic-4-1000,42,optimistic,private-state,1000,10000,4,1000,1.1,3394542,294590.5515383224,0,3514113,91939,217705,0,999,842,158,4dc1b9cf6d171d2b24ea25fbe3eb7d827dcae0a4a146ba3e92d2491efbfd484b,true
1-no-conflict-sequential-4-1000,43,sequential,no-conflict,1000,10000,4,1000,1.1,2465750,405556.1188279428,0,1238630,0,226751,0,0,1000,0,72a85deaa7400a330ddc98c75d93d1bff21a27b64d8f4c22442b601d9d11cfe0,true
1-no-conflict-static-4-1000,43,static,no-conflict,1000,10000,4,1000,1.1,2518417,397074.82914862793,745083,1434334,0,243412,0,0,1000,0,72a85deaa7400a330ddc98c75d93d1bff21a27b64d8f4c22442b601d9d11cfe0,true
1-no-conflict-optimistic-4-1000,43,optimistic,no-conflict,1000,10000,4,1000,1.1,2055791,486430.7704431044,0,1437254,82466,232914,0,0,1000,0,72a85deaa7400a330ddc98c75d93d1bff21a27b64d8f4c22442b601d9d11cfe0,true
1-hotspot-sequential-4-1000,43,sequential,hotspot,1000,10000,4,1000,1.1,2866125,348903.1357669327,0,1251039,0,164242,0,0,1000,0,45185c07d7992449281ee63a781a085974cb4781eea6a0b426fe84985d7fa22b,true
1-hotspot-static-4-1000,43,static,hotspot,1000,10000,4,1000,1.1,47936334,20861.002845983174,511334,2336383,0,503143,5994,0,1000,0,45185c07d7992449281ee63a781a085974cb4781eea6a0b426fe84985d7fa22b,true
1-hotspot-optimistic-4-1000,43,optimistic,hotspot,1000,10000,4,1000,1.1,2817834,354882.50904772955,0,2853519,72549,180295,0,999,1000,0,45185c07d7992449281ee63a781a085974cb4781eea6a0b426fe84985d7fa22b,true
1-zipfian-sequential-4-1000,43,sequential,zipfian,1000,10000,4,1000,1.1,2313417,432261.0234125538,0,1280625,0,194875,0,0,1000,0,cf09f453935728100a03fc02b958797292b5a4355d106aa6e3e1603077b29b22,true
1-zipfian-static-4-1000,43,static,zipfian,1000,10000,4,1000,1.1,21103042,47386.53318322544,699542,2447175,0,549038,1323,0,1000,0,cf09f453935728100a03fc02b958797292b5a4355d106aa6e3e1603077b29b22,true
1-zipfian-optimistic-4-1000,43,optimistic,zipfian,1000,10000,4,1000,1.1,2779042,359836.2313343951,0,2598566,71497,208497,0,876,1000,0,cf09f453935728100a03fc02b958797292b5a4355d106aa6e3e1603077b29b22,true
1-token-transfer-sequential-4-1000,43,sequential,token-transfer,1000,10000,4,1000,1.1,2421417,412981.32457152155,0,1200171,0,228430,0,0,1000,0,669dc9d3c63b53f619fe494a68186966810e2549b391a66b37c1ccc863422dd8,true
1-token-transfer-static-4-1000,43,static,token-transfer,1000,10000,4,1000,1.1,3798708,263247.39885245194,770833,1600634,0,311251,63,0,1000,0,669dc9d3c63b53f619fe494a68186966810e2549b391a66b37c1ccc863422dd8,true
1-token-transfer-optimistic-4-1000,43,optimistic,token-transfer,1000,10000,4,1000,1.1,2189459,456733.8324216165,0,1881962,79920,236708,0,169,1000,0,669dc9d3c63b53f619fe494a68186966810e2549b391a66b37c1ccc863422dd8,true
1-private-state-sequential-4-1000,43,sequential,private-state,1000,10000,4,1000,1.1,2719666,367692.20926393167,0,1465160,0,225189,0,0,833,167,15c801c82838a1333a946311de375e73a118607d0dc2a9a5e415e457ddcc7cae,true
1-private-state-static-4-1000,43,static,private-state,1000,10000,4,1000,1.1,53303750,18760.406162793424,444292,2692653,0,537425,3003,0,833,167,15c801c82838a1333a946311de375e73a118607d0dc2a9a5e415e457ddcc7cae,true
1-private-state-optimistic-4-1000,43,optimistic,private-state,1000,10000,4,1000,1.1,2948542,339150.67175573553,0,2610501,74168,208492,0,999,833,167,15c801c82838a1333a946311de375e73a118607d0dc2a9a5e415e457ddcc7cae,true
2-no-conflict-sequential-4-1000,44,sequential,no-conflict,1000,10000,4,1000,1.1,2400459,416586.9944039869,0,1193375,0,221246,0,0,1000,0,72a85deaa7400a330ddc98c75d93d1bff21a27b64d8f4c22442b601d9d11cfe0,true
2-no-conflict-static-4-1000,44,static,no-conflict,1000,10000,4,1000,1.1,2727917,366580.0682352139,790000,1886385,0,300554,0,0,1000,0,72a85deaa7400a330ddc98c75d93d1bff21a27b64d8f4c22442b601d9d11cfe0,true
2-no-conflict-optimistic-4-1000,44,optimistic,no-conflict,1000,10000,4,1000,1.1,2115791,472636.47496373695,0,1743133,86339,313279,0,0,1000,0,72a85deaa7400a330ddc98c75d93d1bff21a27b64d8f4c22442b601d9d11cfe0,true
2-hotspot-sequential-4-1000,44,sequential,hotspot,1000,10000,4,1000,1.1,2141375,466989.6678535987,0,1205771,0,161392,0,0,1000,0,19956aa732e245a6e10dacfa3a123890a8083896a5357a325fefb2436ba3543d,true
2-hotspot-static-4-1000,44,static,hotspot,1000,10000,4,1000,1.1,48389042,20665.835872510143,422500,2509693,0,530584,5997,0,1000,0,19956aa732e245a6e10dacfa3a123890a8083896a5357a325fefb2436ba3543d,true
2-hotspot-optimistic-4-1000,44,optimistic,hotspot,1000,10000,4,1000,1.1,2953459,338586.04436357506,0,2874562,87195,173645,0,999,1000,0,19956aa732e245a6e10dacfa3a123890a8083896a5357a325fefb2436ba3543d,true
2-zipfian-sequential-4-1000,44,sequential,zipfian,1000,10000,4,1000,1.1,2211125,452258.46571315505,0,1224251,0,185959,0,0,1000,0,be1f285a31782df3118d164a914f06853e0a7458305bcfd64be9d800dd88b63a,true
2-zipfian-static-4-1000,44,static,zipfian,1000,10000,4,1000,1.1,20807292,48060.074323943736,672709,2063381,0,518651,1338,0,1000,0,be1f285a31782df3118d164a914f06853e0a7458305bcfd64be9d800dd88b63a,true
2-zipfian-optimistic-4-1000,44,optimistic,zipfian,1000,10000,4,1000,1.1,2624666,381000.8587759357,0,2460873,72298,212614,0,870,1000,0,be1f285a31782df3118d164a914f06853e0a7458305bcfd64be9d800dd88b63a,true
2-token-transfer-sequential-4-1000,44,sequential,token-transfer,1000,10000,4,1000,1.1,2506375,398982.59438432,0,1262078,0,249174,0,0,1000,0,4149360958f87b63ac3e460ba203cdfbe81f5951a83fbb26c472853c1e24ce10,true
2-token-transfer-static-4-1000,44,static,token-transfer,1000,10000,4,1000,1.1,3420500,292354.91887151,768584,1630134,0,361921,42,0,1000,0,4149360958f87b63ac3e460ba203cdfbe81f5951a83fbb26c472853c1e24ce10,true
2-token-transfer-optimistic-4-1000,44,optimistic,token-transfer,1000,10000,4,1000,1.1,2367500,422386.4836325238,0,1781682,121599,274078,0,162,1000,0,4149360958f87b63ac3e460ba203cdfbe81f5951a83fbb26c472853c1e24ce10,true
2-private-state-sequential-4-1000,44,sequential,private-state,1000,10000,4,1000,1.1,2573667,388550.6555432385,0,1236154,0,236689,0,0,860,140,e2c668e2fae8d5d013252154455317f5bd16c150b118ff19b4c1f2dcb0482646,true
2-private-state-static-4-1000,44,static,private-state,1000,10000,4,1000,1.1,52358083,19099.24777039679,520125,2934716,0,613597,2997,0,860,140,e2c668e2fae8d5d013252154455317f5bd16c150b118ff19b4c1f2dcb0482646,true
2-private-state-optimistic-4-1000,44,optimistic,private-state,1000,10000,4,1000,1.1,3070916,325635.7386525714,0,2710290,74380,219654,0,999,860,140,e2c668e2fae8d5d013252154455317f5bd16c150b118ff19b4c1f2dcb0482646,true
0-no-conflict-sequential-8-1000,42,sequential,no-conflict,1000,10000,8,1000,1.1,2405792,415663.5320094173,0,1194045,0,221165,0,0,1000,0,72a85deaa7400a330ddc98c75d93d1bff21a27b64d8f4c22442b601d9d11cfe0,true
0-no-conflict-static-8-1000,42,static,no-conflict,1000,10000,8,1000,1.1,2540209,393668.3950021435,715542,1974205,0,277490,0,0,1000,0,72a85deaa7400a330ddc98c75d93d1bff21a27b64d8f4c22442b601d9d11cfe0,true
0-no-conflict-optimistic-8-1000,42,optimistic,no-conflict,1000,10000,8,1000,1.1,2266042,441298.0871493115,0,1998823,88042,267121,0,0,1000,0,72a85deaa7400a330ddc98c75d93d1bff21a27b64d8f4c22442b601d9d11cfe0,true
0-hotspot-sequential-8-1000,42,sequential,hotspot,1000,10000,8,1000,1.1,2437042,410333.5108709657,0,1431933,0,185657,0,0,1000,0,fe6aaced548ad54177e227a11b5cd72356b5a582bbabda1e936fef246ee999f6,true
0-hotspot-static-8-1000,42,static,hotspot,1000,10000,8,1000,1.1,47762500,20936.92750588851,465416,2978266,0,552463,5994,0,1000,0,fe6aaced548ad54177e227a11b5cd72356b5a582bbabda1e936fef246ee999f6,true
0-hotspot-optimistic-8-1000,42,optimistic,hotspot,1000,10000,8,1000,1.1,2767625,361320.6268912876,0,3090377,82894,178790,0,999,1000,0,fe6aaced548ad54177e227a11b5cd72356b5a582bbabda1e936fef246ee999f6,true
0-zipfian-sequential-8-1000,42,sequential,zipfian,1000,10000,8,1000,1.1,2261708,442143.725007826,0,1246163,0,190521,0,0,1000,0,c3e8ee121049859902fb9efc902b1f1f9ff3b1519dc3f50144655d369eb38267,true
0-zipfian-static-8-1000,42,static,zipfian,1000,10000,8,1000,1.1,19826458,50437.65255498485,681625,2905987,0,383294,1269,0,1000,0,c3e8ee121049859902fb9efc902b1f1f9ff3b1519dc3f50144655d369eb38267,true
0-zipfian-optimistic-8-1000,42,optimistic,zipfian,1000,10000,8,1000,1.1,4337291,230558.6597717331,0,4409124,142836,277003,0,872,1000,0,c3e8ee121049859902fb9efc902b1f1f9ff3b1519dc3f50144655d369eb38267,true
0-token-transfer-sequential-8-1000,42,sequential,token-transfer,1000,10000,8,1000,1.1,2435625,410572.2350526046,0,1199139,0,234751,0,0,1000,0,bbcfa924be04469e9cb0ccceeecc20cf11147b9785cdd1365f998ec6c6cd6019,true
0-token-transfer-static-8-1000,42,static,token-transfer,1000,10000,8,1000,1.1,5936708,168443.52122422057,793166,2261487,0,308691,51,0,1000,0,bbcfa924be04469e9cb0ccceeecc20cf11147b9785cdd1365f998ec6c6cd6019,true
0-token-transfer-optimistic-8-1000,42,optimistic,token-transfer,1000,10000,8,1000,1.1,2514666,397667.1255745296,0,2232587,90084,260151,0,183,1000,0,bbcfa924be04469e9cb0ccceeecc20cf11147b9785cdd1365f998ec6c6cd6019,true
0-private-state-sequential-8-1000,42,sequential,private-state,1000,10000,8,1000,1.1,2620542,381600.44754100486,0,1246196,0,223167,0,0,842,158,4dc1b9cf6d171d2b24ea25fbe3eb7d827dcae0a4a146ba3e92d2491efbfd484b,true
0-private-state-static-8-1000,42,static,private-state,1000,10000,8,1000,1.1,63523083,15742.308980815684,481458,3284155,0,642179,3000,0,842,158,4dc1b9cf6d171d2b24ea25fbe3eb7d827dcae0a4a146ba3e92d2491efbfd484b,true
0-private-state-optimistic-8-1000,42,optimistic,private-state,1000,10000,8,1000,1.1,3207250,311793.5926416712,0,3840649,89967,236091,0,999,842,158,4dc1b9cf6d171d2b24ea25fbe3eb7d827dcae0a4a146ba3e92d2491efbfd484b,true
1-no-conflict-sequential-8-1000,43,sequential,no-conflict,1000,10000,8,1000,1.1,2483667,402630.46535626554,0,1233671,0,233356,0,0,1000,0,72a85deaa7400a330ddc98c75d93d1bff21a27b64d8f4c22442b601d9d11cfe0,true
1-no-conflict-static-8-1000,43,static,no-conflict,1000,10000,8,1000,1.1,2592375,385746.66088046675,796917,2065335,0,293053,0,0,1000,0,72a85deaa7400a330ddc98c75d93d1bff21a27b64d8f4c22442b601d9d11cfe0,true
1-no-conflict-optimistic-8-1000,43,optimistic,no-conflict,1000,10000,8,1000,1.1,1993666,501588.53087728843,0,1887418,88126,245750,0,0,1000,0,72a85deaa7400a330ddc98c75d93d1bff21a27b64d8f4c22442b601d9d11cfe0,true
1-hotspot-sequential-8-1000,43,sequential,hotspot,1000,10000,8,1000,1.1,2170875,460643.74964012206,0,1212066,0,164090,0,0,1000,0,45185c07d7992449281ee63a781a085974cb4781eea6a0b426fe84985d7fa22b,true
1-hotspot-static-8-1000,43,static,hotspot,1000,10000,8,1000,1.1,48277625,20713.52930058179,436916,3015040,0,523805,5994,0,1000,0,45185c07d7992449281ee63a781a085974cb4781eea6a0b426fe84985d7fa22b,true
1-hotspot-optimistic-8-1000,43,optimistic,hotspot,1000,10000,8,1000,1.1,3328709,300416.76818249957,0,3938562,85811,233740,0,999,1000,0,45185c07d7992449281ee63a781a085974cb4781eea6a0b426fe84985d7fa22b,true
1-zipfian-sequential-8-1000,43,sequential,zipfian,1000,10000,8,1000,1.1,2218958,450661.97737857135,0,1207213,0,187160,0,0,1000,0,cf09f453935728100a03fc02b958797292b5a4355d106aa6e3e1603077b29b22,true
1-zipfian-static-8-1000,43,static,zipfian,1000,10000,8,1000,1.1,21616750,46260.4230515688,668500,2776027,0,420287,1323,0,1000,0,cf09f453935728100a03fc02b958797292b5a4355d106aa6e3e1603077b29b22,true
1-zipfian-optimistic-8-1000,43,optimistic,zipfian,1000,10000,8,1000,1.1,2823709,354144.14162365877,0,3283880,75326,209770,0,876,1000,0,cf09f453935728100a03fc02b958797292b5a4355d106aa6e3e1603077b29b22,true
1-token-transfer-sequential-8-1000,43,sequential,token-transfer,1000,10000,8,1000,1.1,2415708,413957.3160332292,0,1206199,0,229089,0,0,1000,0,669dc9d3c63b53f619fe494a68186966810e2549b391a66b37c1ccc863422dd8,true
1-token-transfer-static-8-1000,43,static,token-transfer,1000,10000,8,1000,1.1,4379333,228345.27541066185,768083,2346299,0,311670,63,0,1000,0,669dc9d3c63b53f619fe494a68186966810e2549b391a66b37c1ccc863422dd8,true
1-token-transfer-optimistic-8-1000,43,optimistic,token-transfer,1000,10000,8,1000,1.1,2176500,459453.25063174823,0,2275044,98672,276666,0,169,1000,0,669dc9d3c63b53f619fe494a68186966810e2549b391a66b37c1ccc863422dd8,true
1-private-state-sequential-8-1000,43,sequential,private-state,1000,10000,8,1000,1.1,2822500,354295.83702391497,0,1362916,0,407331,0,0,833,167,15c801c82838a1333a946311de375e73a118607d0dc2a9a5e415e457ddcc7cae,true
1-private-state-static-8-1000,43,static,private-state,1000,10000,8,1000,1.1,111365250,8979.461726166825,464167,4421748,0,858170,3003,0,833,167,15c801c82838a1333a946311de375e73a118607d0dc2a9a5e415e457ddcc7cae,true
1-private-state-optimistic-8-1000,43,optimistic,private-state,1000,10000,8,1000,1.1,3364833,297191.5693884362,0,5219091,125205,219541,0,999,833,167,15c801c82838a1333a946311de375e73a118607d0dc2a9a5e415e457ddcc7cae,true
2-no-conflict-sequential-8-1000,44,sequential,no-conflict,1000,10000,8,1000,1.1,2714916,368335.52124632953,0,1324232,0,319678,0,0,1000,0,72a85deaa7400a330ddc98c75d93d1bff21a27b64d8f4c22442b601d9d11cfe0,true
2-no-conflict-static-8-1000,44,static,no-conflict,1000,10000,8,1000,1.1,2682375,372803.95172188827,748833,2022703,0,269527,0,0,1000,0,72a85deaa7400a330ddc98c75d93d1bff21a27b64d8f4c22442b601d9d11cfe0,true
2-no-conflict-optimistic-8-1000,44,optimistic,no-conflict,1000,10000,8,1000,1.1,2297208,435311.0384431885,0,2031589,86048,247374,0,0,1000,0,72a85deaa7400a330ddc98c75d93d1bff21a27b64d8f4c22442b601d9d11cfe0,true
2-hotspot-sequential-8-1000,44,sequential,hotspot,1000,10000,8,1000,1.1,2242250,445980.5998439068,0,1233045,0,165722,0,0,1000,0,19956aa732e245a6e10dacfa3a123890a8083896a5357a325fefb2436ba3543d,true
2-hotspot-static-8-1000,44,static,hotspot,1000,10000,8,1000,1.1,80487542,12424.283002703698,431500,3484811,0,791739,5997,0,1000,0,19956aa732e245a6e10dacfa3a123890a8083896a5357a325fefb2436ba3543d,true
2-hotspot-optimistic-8-1000,44,optimistic,hotspot,1000,10000,8,1000,1.1,3550250,281670.30490810506,0,3959270,112395,252200,0,999,1000,0,19956aa732e245a6e10dacfa3a123890a8083896a5357a325fefb2436ba3543d,true
2-zipfian-sequential-8-1000,44,sequential,zipfian,1000,10000,8,1000,1.1,2293708,435975.28543301934,0,1266839,0,193004,0,0,1000,0,be1f285a31782df3118d164a914f06853e0a7458305bcfd64be9d800dd88b63a,true
2-zipfian-static-8-1000,44,static,zipfian,1000,10000,8,1000,1.1,25045333,39927.598487111354,687083,4056177,0,478547,1338,0,1000,0,be1f285a31782df3118d164a914f06853e0a7458305bcfd64be9d800dd88b63a,true
2-zipfian-optimistic-8-1000,44,optimistic,zipfian,1000,10000,8,1000,1.1,2806167,356357.9786947819,0,3649245,83667,222690,0,870,1000,0,be1f285a31782df3118d164a914f06853e0a7458305bcfd64be9d800dd88b63a,true
2-token-transfer-sequential-8-1000,44,sequential,token-transfer,1000,10000,8,1000,1.1,2722167,367354.39082172397,0,1341856,0,268631,0,0,1000,0,4149360958f87b63ac3e460ba203cdfbe81f5951a83fbb26c472853c1e24ce10,true
2-token-transfer-static-8-1000,44,static,token-transfer,1000,10000,8,1000,1.1,3977167,251435.25529604362,783292,1863737,0,299487,42,0,1000,0,4149360958f87b63ac3e460ba203cdfbe81f5951a83fbb26c472853c1e24ce10,true
2-token-transfer-optimistic-8-1000,44,optimistic,token-transfer,1000,10000,8,1000,1.1,2284000,437828.37127845886,0,2120413,116417,308538,0,162,1000,0,4149360958f87b63ac3e460ba203cdfbe81f5951a83fbb26c472853c1e24ce10,true
2-private-state-sequential-8-1000,44,sequential,private-state,1000,10000,8,1000,1.1,2426458,412123.35016719846,0,1218968,0,209568,0,0,860,140,e2c668e2fae8d5d013252154455317f5bd16c150b118ff19b4c1f2dcb0482646,true
2-private-state-static-8-1000,44,static,private-state,1000,10000,8,1000,1.1,54421459,18375.104570423224,447792,2687834,0,581448,2997,0,860,140,e2c668e2fae8d5d013252154455317f5bd16c150b118ff19b4c1f2dcb0482646,true
2-private-state-optimistic-8-1000,44,optimistic,private-state,1000,10000,8,1000,1.1,3137000,318775.90054191905,0,3655407,87640,213044,0,999,860,140,e2c668e2fae8d5d013252154455317f5bd16c150b118ff19b4c1f2dcb0482646,true
0-no-conflict-sequential-1-5000,42,sequential,no-conflict,5000,10002,1,1000,1.1,10670375,468587.0927685297,0,6159485,0,1448762,0,0,5000,0,29481b2e81cfe84b53c9e165e5632619de0e71348240589bc62f39f74739d466,true
0-no-conflict-static-1-5000,42,static,no-conflict,5000,10002,1,1000,1.1,15005083,333220.416041684,4499333,5967271,0,1515052,0,0,5000,0,29481b2e81cfe84b53c9e165e5632619de0e71348240589bc62f39f74739d466,true
0-no-conflict-optimistic-1-5000,42,optimistic,no-conflict,5000,10002,1,1000,1.1,12162584,411096.85244517116,0,6224462,453295,1660204,0,0,5000,0,29481b2e81cfe84b53c9e165e5632619de0e71348240589bc62f39f74739d466,true
0-hotspot-sequential-1-5000,42,sequential,hotspot,5000,10000,1,1000,1.1,9060583,551840.8694010087,0,6602758,0,904644,0,0,5000,0,62845b590c70ab78a088bce36d6fffe360f50137eb8769e3850c457ea3089783,true
0-hotspot-static-1-5000,42,static,hotspot,5000,10000,1,1000,1.1,181593458,27534.031539836637,2620375,9284987,0,2062487,29994,0,5000,0,62845b590c70ab78a088bce36d6fffe360f50137eb8769e3850c457ea3089783,true
0-hotspot-optimistic-1-5000,42,optimistic,hotspot,5000,10000,1,1000,1.1,16109125,310383.0903292389,0,12498891,434816,1113727,0,4999,5000,0,62845b590c70ab78a088bce36d6fffe360f50137eb8769e3850c457ea3089783,true
0-zipfian-sequential-1-5000,42,sequential,zipfian,5000,10000,1,1000,1.1,8515625,587155.9633027522,0,6187754,0,812969,0,0,5000,0,e033f3beab2d9a552b0bcb8473aa175ac1aabf218007e42d7962dbf0fa6c659b,true
0-zipfian-static-1-5000,42,static,zipfian,5000,10000,1,1000,1.1,69686875,71749.52241724142,3409667,7920494,0,1694805,6357,0,5000,0,e033f3beab2d9a552b0bcb8473aa175ac1aabf218007e42d7962dbf0fa6c659b,true
0-zipfian-optimistic-1-5000,42,optimistic,zipfian,5000,10000,1,1000,1.1,14375333,347818.02967625164,0,11440364,293017,819657,0,4733,5000,0,e033f3beab2d9a552b0bcb8473aa175ac1aabf218007e42d7962dbf0fa6c659b,true
0-token-transfer-sequential-1-5000,42,sequential,token-transfer,5000,10000,1,1000,1.1,9925750,503740.2715160063,0,6294799,0,1221153,0,0,5000,0,ab80886b82eb235ee974eff3420b53d7af3d8eed051809a788130e42afd82d74,true
0-token-transfer-static-1-5000,42,static,token-transfer,5000,10000,1,1000,1.1,21808875,229264.46228886177,4255959,7567530,0,2114000,276,0,5000,0,ab80886b82eb235ee974eff3420b53d7af3d8eed051809a788130e42afd82d74,true
0-token-transfer-optimistic-1-5000,42,optimistic,token-transfer,5000,10000,1,1000,1.1,14076708,355196.6837700974,0,9605863,405265,1200059,0,2836,5000,0,ab80886b82eb235ee974eff3420b53d7af3d8eed051809a788130e42afd82d74,true
0-private-state-sequential-1-5000,42,sequential,private-state,5000,10000,1,1000,1.1,9852417,507489.6850184071,0,6128911,0,995445,0,0,4222,778,8a1d97768621e5efa446259c261cd12c948a834a53503097192550d40ebb2157,true
0-private-state-static-1-5000,42,static,private-state,5000,10000,1,1000,1.1,243201417,20559.09073917937,2466458,10047887,0,2056189,15000,0,4222,778,8a1d97768621e5efa446259c261cd12c948a834a53503097192550d40ebb2157,true
0-private-state-optimistic-1-5000,42,optimistic,private-state,5000,10000,1,1000,1.1,18432750,271256.32366304536,0,13612334,444784,1095727,0,4999,4222,778,8a1d97768621e5efa446259c261cd12c948a834a53503097192550d40ebb2157,true
1-no-conflict-sequential-1-5000,43,sequential,no-conflict,5000,10002,1,1000,1.1,10873791,459821.23437906796,0,6402124,0,1473815,0,0,5000,0,29481b2e81cfe84b53c9e165e5632619de0e71348240589bc62f39f74739d466,true
1-no-conflict-static-1-5000,43,static,no-conflict,5000,10002,1,1000,1.1,15586250,320795.57302109234,4455250,6241595,0,1560171,0,0,5000,0,29481b2e81cfe84b53c9e165e5632619de0e71348240589bc62f39f74739d466,true
1-no-conflict-optimistic-1-5000,43,optimistic,no-conflict,5000,10002,1,1000,1.1,13094042,381853.0595823658,0,6660777,478964,1707326,0,0,5000,0,29481b2e81cfe84b53c9e165e5632619de0e71348240589bc62f39f74739d466,true
1-hotspot-sequential-1-5000,43,sequential,hotspot,5000,10000,1,1000,1.1,8540334,585457.1964047308,0,6131051,0,888469,0,0,5000,0,835b9bd2a10e75547b0e2168e9b51eafd0c030304fba2da9a498a3af91aa82ec,true
1-hotspot-static-1-5000,43,static,hotspot,5000,10000,1,1000,1.1,215884583,23160.523695200598,2097041,10525599,0,2177298,29994,0,5000,0,835b9bd2a10e75547b0e2168e9b51eafd0c030304fba2da9a498a3af91aa82ec,true
1-hotspot-optimistic-1-5000,43,optimistic,hotspot,5000,10000,1,1000,1.1,15201291,328919.4319087767,0,12083808,439449,852042,0,4999,5000,0,835b9bd2a10e75547b0e2168e9b51eafd0c030304fba2da9a498a3af91aa82ec,true
1-zipfian-sequential-1-5000,43,sequential,zipfian,5000,10000,1,1000,1.1,8728166,572858.0322601564,0,6265147,0,857162,0,0,5000,0,b22615982199ebf23bbe2655618ab91aa7ff6cce411f2153dd7317ed5df2271f,true
1-zipfian-static-1-5000,43,static,zipfian,5000,10000,1,1000,1.1,70097042,71329.68606578292,3464042,7913052,0,1688848,6531,0,5000,0,b22615982199ebf23bbe2655618ab91aa7ff6cce411f2153dd7317ed5df2271f,true
1-zipfian-optimistic-1-5000,43,optimistic,zipfian,5000,10000,1,1000,1.1,14985709,333651.21396658645,0,11748934,319517,870371,0,4745,5000,0,b22615982199ebf23bbe2655618ab91aa7ff6cce411f2153dd7317ed5df2271f,true
1-token-transfer-sequential-1-5000,43,sequential,token-transfer,5000,10000,1,1000,1.1,12486708,400425.79677525896,0,8068178,0,1817962,0,0,5000,0,9c120b8b320446e3e2072b94f7ddb08bd11d5c92f0c48dfdf623818a7d7f16c5,true
1-token-transfer-static-1-5000,43,static,token-transfer,5000,10000,1,1000,1.1,23071375,216718.76947082693,4154917,8118503,0,2258534,306,0,5000,0,9c120b8b320446e3e2072b94f7ddb08bd11d5c92f0c48dfdf623818a7d7f16c5,true
1-token-transfer-optimistic-1-5000,43,optimistic,token-transfer,5000,10000,1,1000,1.1,14626125,341854.04541530996,0,9580088,441977,1430481,0,2791,5000,0,9c120b8b320446e3e2072b94f7ddb08bd11d5c92f0c48dfdf623818a7d7f16c5,true
1-private-state-sequential-1-5000,43,sequential,private-state,5000,10000,1,1000,1.1,10813958,462365.3984970165,0,6449618,0,1108735,0,0,4207,793,5d6405710c6b137efcdef37f931db6206e0d57e130d7870c5faf99099e24d9d1,true
1-private-state-static-1-5000,43,static,private-state,5000,10000,1,1000,1.1,240605375,20780.915638314396,4672125,9809589,0,2048038,15012,0,4207,793,5d6405710c6b137efcdef37f931db6206e0d57e130d7870c5faf99099e24d9d1,true
1-private-state-optimistic-1-5000,43,optimistic,private-state,5000,10000,1,1000,1.1,16732541,298818.9301314128,0,12079870,443123,1099116,0,4999,4207,793,5d6405710c6b137efcdef37f931db6206e0d57e130d7870c5faf99099e24d9d1,true
2-no-conflict-sequential-1-5000,44,sequential,no-conflict,5000,10002,1,1000,1.1,10666791,468744.53619649995,0,6257958,0,1434172,0,0,5000,0,29481b2e81cfe84b53c9e165e5632619de0e71348240589bc62f39f74739d466,true
2-no-conflict-static-1-5000,44,static,no-conflict,5000,10002,1,1000,1.1,15651583,319456.5048148804,4643291,6111759,0,1703801,0,0,5000,0,29481b2e81cfe84b53c9e165e5632619de0e71348240589bc62f39f74739d466,true
2-no-conflict-optimistic-1-5000,44,optimistic,no-conflict,5000,10002,1,1000,1.1,11273875,443503.23202980345,0,5823443,415278,1481239,0,0,5000,0,29481b2e81cfe84b53c9e165e5632619de0e71348240589bc62f39f74739d466,true
2-hotspot-sequential-1-5000,44,sequential,hotspot,5000,10000,1,1000,1.1,8739250,572131.4758131418,0,6248119,0,840925,0,0,5000,0,a13ff21dd612e2ad4cdc96e8ef17c5822693bc73ef89301a5bd970fecf55b197,true
2-hotspot-static-1-5000,44,static,hotspot,5000,10000,1,1000,1.1,181666958,27522.89164218845,2200666,9099827,0,1724394,29997,0,5000,0,a13ff21dd612e2ad4cdc96e8ef17c5822693bc73ef89301a5bd970fecf55b197,true
2-hotspot-optimistic-1-5000,44,optimistic,hotspot,5000,10000,1,1000,1.1,15304917,326692.39565297874,0,12017519,472573,922882,0,4999,5000,0,a13ff21dd612e2ad4cdc96e8ef17c5822693bc73ef89301a5bd970fecf55b197,true
2-zipfian-sequential-1-5000,44,sequential,zipfian,5000,10000,1,1000,1.1,8646042,578299.2957933815,0,6227440,0,846756,0,0,5000,0,e63c3493597c4a6d2859f74b0a28a91a07cd39f2329efe0b085bc0b2b9ab75e0,true
2-zipfian-static-1-5000,44,static,zipfian,5000,10000,1,1000,1.1,68589417,72897.54336299433,3590167,7815275,0,1631047,6549,0,5000,0,e63c3493597c4a6d2859f74b0a28a91a07cd39f2329efe0b085bc0b2b9ab75e0,true
2-zipfian-optimistic-1-5000,44,optimistic,zipfian,5000,10000,1,1000,1.1,15270083,327437.6439211234,0,12032058,336986,911248,0,4742,5000,0,e63c3493597c4a6d2859f74b0a28a91a07cd39f2329efe0b085bc0b2b9ab75e0,true
2-token-transfer-sequential-1-5000,44,sequential,token-transfer,5000,10000,1,1000,1.1,21485958,232710.126306679,0,12694415,0,3930473,0,0,5000,0,9ebf64d9bb4b06a5729e1e2b0420fe525ae017ed2c717d07159bd366c9c789cb,true
2-token-transfer-static-1-5000,44,static,token-transfer,5000,10000,1,1000,1.1,37770667,132377.85819350238,7520167,11595238,0,3146180,285,0,5000,0,9ebf64d9bb4b06a5729e1e2b0420fe525ae017ed2c717d07159bd366c9c789cb,true
2-token-transfer-optimistic-1-5000,44,optimistic,token-transfer,5000,10000,1,1000,1.1,14567375,343232.7375385064,0,9812597,402208,1251456,0,2786,5000,0,9ebf64d9bb4b06a5729e1e2b0420fe525ae017ed2c717d07159bd366c9c789cb,true
2-private-state-sequential-1-5000,44,sequential,private-state,5000,10000,1,1000,1.1,10359708,482639.08596651565,0,6306445,0,1091547,0,0,4283,717,18a6f426b16fe5fbb931e9a240da0099e8f619f242904dd18bf7e71dd59131fc,true
2-private-state-static-1-5000,44,static,private-state,5000,10000,1,1000,1.1,237975000,21010.610358230908,3119875,9506500,0,1943228,14997,0,4283,717,18a6f426b16fe5fbb931e9a240da0099e8f619f242904dd18bf7e71dd59131fc,true
2-private-state-optimistic-1-5000,44,optimistic,private-state,5000,10000,1,1000,1.1,17256125,289752.1894399814,0,12448894,468280,1211415,0,4999,4283,717,18a6f426b16fe5fbb931e9a240da0099e8f619f242904dd18bf7e71dd59131fc,true
0-no-conflict-sequential-2-5000,42,sequential,no-conflict,5000,10002,2,1000,1.1,10803250,462823.6873163168,0,6419418,0,1468429,0,0,5000,0,29481b2e81cfe84b53c9e165e5632619de0e71348240589bc62f39f74739d466,true
0-no-conflict-static-2-5000,42,static,no-conflict,5000,10002,2,1000,1.1,12330375,405502.67124884686,4334416,6746924,0,1511746,0,0,5000,0,29481b2e81cfe84b53c9e165e5632619de0e71348240589bc62f39f74739d466,true
0-no-conflict-optimistic-2-5000,42,optimistic,no-conflict,5000,10002,2,1000,1.1,9244791,540845.1094243233,0,6637235,487269,1437962,0,0,5000,0,29481b2e81cfe84b53c9e165e5632619de0e71348240589bc62f39f74739d466,true
0-hotspot-sequential-2-5000,42,sequential,hotspot,5000,10000,2,1000,1.1,9350833,534711.7203355038,0,6709775,0,1036251,0,0,5000,0,62845b590c70ab78a088bce36d6fffe360f50137eb8769e3850c457ea3089783,true
0-hotspot-static-2-5000,42,static,hotspot,5000,10000,2,1000,1.1,304020292,16446.27063248791,2142417,13841944,0,2937340,29994,0,5000,0,62845b590c70ab78a088bce36d6fffe360f50137eb8769e3850c457ea3089783,true
0-hotspot-optimistic-2-5000,42,optimistic,hotspot,5000,10000,2,1000,1.1,16734167,298789.894949656,0,15915165,757838,1504749,0,4999,5000,0,62845b590c70ab78a088bce36d6fffe360f50137eb8769e3850c457ea3089783,true
0-zipfian-sequential-2-5000,42,sequential,zipfian,5000,10000,2,1000,1.1,10669667,468618.18649073114,0,7514995,0,1348499,0,0,5000,0,e033f3beab2d9a552b0bcb8473aa175ac1aabf218007e42d7962dbf0fa6c659b,true
0-zipfian-static-2-5000,42,static,zipfian,5000,10000,2,1000,1.1,93827875,53289.06788094689,3903667,10617941,0,2374983,6357,0,5000,0,e033f3beab2d9a552b0bcb8473aa175ac1aabf218007e42d7962dbf0fa6c659b,true
0-zipfian-optimistic-2-5000,42,optimistic,zipfian,5000,10000,2,1000,1.1,12886250,388010.4762828596,0,13111475,419488,874673,0,4733,5000,0,e033f3beab2d9a552b0bcb8473aa175ac1aabf218007e42d7962dbf0fa6c659b,true
0-token-transfer-sequential-2-5000,42,sequential,token-transfer,5000,10000,2,1000,1.1,10413958,480124.8478244295,0,6510604,0,1361503,0,0,5000,0,ab80886b82eb235ee974eff3420b53d7af3d8eed051809a788130e42afd82d74,true
0-token-transfer-static-2-5000,42,static,token-transfer,5000,10000,2,1000,1.1,16392333,305020.64593246125,3900125,7640135,0,1668057,276,0,5000,0,ab80886b82eb235ee974eff3420b53d7af3d8eed051809a788130e42afd82d74,true
0-token-transfer-optimistic-2-5000,42,optimistic,token-transfer,5000,10000,2,1000,1.1,11777750,424529.3031351489,0,10294257,527986,1316537,0,2836,5000,0,ab80886b82eb235ee974eff3420b53d7af3d8eed051809a788130e42afd82d74,true
0-private-state-sequential-2-5000,42,sequential,private-state,5000,10000,2,1000,1.1,10047208,497650.6906197224,0,6240361,0,1030969,0,0,4222,778,8a1d97768621e5efa446259c261cd12c948a834a53503097192550d40ebb2157,true
0-private-state-static-2-5000,42,static,private-state,5000,10000,2,1000,1.1,297928250,16782.564258340724,2445250,11862016,0,2225448,15000,0,4222,778,8a1d97768621e5efa446259c261cd12c948a834a53503097192550d40ebb2157,true
0-private-state-optimistic-2-5000,42,optimistic,private-state,5000,10000,2,1000,1.1,16376208,305320.9876181348,0,15349213,581553,1217008,0,4999,4222,778,8a1d97768621e5efa446259c261cd12c948a834a53503097192550d40ebb2157,true
1-no-conflict-sequential-2-5000,43,sequential,no-conflict,5000,10002,2,1000,1.1,10593708,471978.27238583507,0,6186277,0,1453024,0,0,5000,0,29481b2e81cfe84b53c9e165e5632619de0e71348240589bc62f39f74739d466,true
1-no-conflict-static-2-5000,43,static,no-conflict,5000,10002,2,1000,1.1,12584541,397312.8618675882,4410125,7029477,0,1539030,0,0,5000,0,29481b2e81cfe84b53c9e165e5632619de0e71348240589bc62f39f74739d466,true
1-no-conflict-optimistic-2-5000,43,optimistic,no-conflict,5000,10002,2,1000,1.1,9120458,548218.0829076786,0,6648930,470797,1621141,0,0,5000,0,29481b2e81cfe84b53c9e165e5632619de0e71348240589bc62f39f74739d466,true
1-hotspot-sequential-2-5000,43,sequential,hotspot,5000,10000,2,1000,1.1,9274375,539119.8867848238,0,6712070,0,1048090,0,0,5000,0,835b9bd2a10e75547b0e2168e9b51eafd0c030304fba2da9a498a3af91aa82ec,true
1-hotspot-static-2-5000,43,static,hotspot,5000,10000,2,1000,1.1,235531125,21228.616812321514,2196375,11586445,0,2682511,29994,0,5000,0,835b9bd2a10e75547b0e2168e9b51eafd0c030304fba2da9a498a3af91aa82ec,true
1-hotspot-optimistic-2-5000,43,optimistic,hotspot,5000,10000,2,1000,1.1,12558834,398126.1317730611,0,12719996,525523,879504,0,4999,5000,0,835b9bd2a10e75547b0e2168e9b51eafd0c030304fba2da9a498a3af91aa82ec,true
1-zipfian-sequential-2-5000,43,sequential,zipfian,5000,10000,2,1000,1.1,8708750,574135.2088416823,0,6218808,0,843789,0,0,5000,0,b22615982199ebf23bbe2655618ab91aa7ff6cce411f2153dd7317ed5df2271f,true
1-zipfian-static-2-5000,43,static,zipfian,5000,10000,2,1000,1.1,81609084,61267.6892685133,3400292,9260533,0,2019235,6531,0,5000,0,b22615982199ebf23bbe2655618ab91aa7ff6cce411f2153dd7317ed5df2271f,true
1-zipfian-optimistic-2-5000,43,optimistic,zipfian,5000,10000,2,1000,1.1,11969917,417713.84045520116,0,12200549,359501,844357,0,4745,5000,0,b22615982199ebf23bbe2655618ab91aa7ff6cce411f2153dd7317ed5df2271f,true
1-token-transfer-sequential-2-5000,43,sequential,token-transfer,5000,10000,2,1000,1.1,9965167,501747.7378954111,0,6399565,0,1238860,0,0,5000,0,9c120b8b320446e3e2072b94f7ddb08bd11d5c92f0c48dfdf623818a7d7f16c5,true
1-token-transfer-static-2-5000,43,static,token-transfer,5000,10000,2,1000,1.1,16521333,302639.01829228917,4078291,7367953,0,1618515,306,0,5000,0,9c120b8b320446e3e2072b94f7ddb08bd11d5c92f0c48dfdf623818a7d7f16c5,true
1-token-transfer-optimistic-2-5000,43,optimistic,token-transfer,5000,10000,2,1000,1.1,11773334,424688.5376733557,0,10206290,450104,1279176,0,2791,5000,0,9c120b8b320446e3e2072b94f7ddb08bd11d5c92f0c48dfdf623818a7d7f16c5,true
1-private-state-sequential-2-5000,43,sequential,private-state,5000,10000,2,1000,1.1,9634208,518984.02027442213,0,6056074,0,969959,0,0,4207,793,5d6405710c6b137efcdef37f931db6206e0d57e130d7870c5faf99099e24d9d1,true
1-private-state-static-2-5000,43,static,private-state,5000,10000,2,1000,1.1,271044417,18447.16100534917,2192459,11266555,0,2378113,15012,0,4207,793,5d6405710c6b137efcdef37f931db6206e0d57e130d7870c5faf99099e24d9d1,true
1-private-state-optimistic-2-5000,43,optimistic,private-state,5000,10000,2,1000,1.1,13754958,363505.29023789096,0,12547585,479312,1046986,0,4999,4207,793,5d6405710c6b137efcdef37f931db6206e0d57e130d7870c5faf99099e24d9d1,true
2-no-conflict-sequential-2-5000,44,sequential,no-conflict,5000,10002,2,1000,1.1,12482916,400547.4361919923,0,6584366,0,1737235,0,0,5000,0,29481b2e81cfe84b53c9e165e5632619de0e71348240589bc62f39f74739d466,true
2-no-conflict-static-2-5000,44,static,no-conflict,5000,10002,2,1000,1.1,12547708,398479.14854250674,4692125,6562784,0,1484834,0,0,5000,0,29481b2e81cfe84b53c9e165e5632619de0e71348240589bc62f39f74739d466,true
2-no-conflict-optimistic-2-5000,44,optimistic,no-conflict,5000,10002,2,1000,1.1,8696750,574927.415413804,0,6267208,454111,1519877,0,0,5000,0,29481b2e81cfe84b53c9e165e5632619de0e71348240589bc62f39f74739d466,true
2-hotspot-sequential-2-5000,44,sequential,hotspot,5000,10000,2,1000,1.1,8564583,583799.5848717912,0,6062728,0,941906,0,0,5000,0,a13ff21dd612e2ad4cdc96e8ef17c5822693bc73ef89301a5bd970fecf55b197,true
2-hotspot-static-2-5000,44,static,hotspot,5000,10000,2,1000,1.1,281879917,17738.049780964,2218000,11905252,0,2921707,29997,0,5000,0,a13ff21dd612e2ad4cdc96e8ef17c5822693bc73ef89301a5bd970fecf55b197,true
2-hotspot-optimistic-2-5000,44,optimistic,hotspot,5000,10000,2,1000,1.1,12791042,390898.5679196425,0,13361331,477333,835316,0,4999,5000,0,a13ff21dd612e2ad4cdc96e8ef17c5822693bc73ef89301a5bd970fecf55b197,true
2-zipfian-sequential-2-5000,44,sequential,zipfian,5000,10000,2,1000,1.1,8823083,566695.337672784,0,6370931,0,887955,0,0,5000,0,e63c3493597c4a6d2859f74b0a28a91a07cd39f2329efe0b085bc0b2b9ab75e0,true
2-zipfian-static-2-5000,44,static,zipfian,5000,10000,2,1000,1.1,84260333,59339.90315466709,3578042,9165358,0,2015235,6549,0,5000,0,e63c3493597c4a6d2859f74b0a28a91a07cd39f2329efe0b085bc0b2b9ab75e0,true
2-zipfian-optimistic-2-5000,44,optimistic,zipfian,5000,10000,2,1000,1.1,12173042,410743.6744241908,0,12315277,386753,874858,0,4742,5000,0,e63c3493597c4a6d2859f74b0a28a91a07cd39f2329efe0b085bc0b2b9ab75e0,true
2-token-transfer-sequential-2-5000,44,sequential,token-transfer,5000,10000,2,1000,1.1,11734958,426077.36644647556,0,7527120,0,1580892,0,0,5000,0,9ebf64d9bb4b06a5729e1e2b0420fe525ae017ed2c717d07159bd366c9c789cb,true
2-token-transfer-static-2-5000,44,static,token-transfer,5000,10000,2,1000,1.1,16658541,300146.33334335824,3758291,7499579,0,1669950,285,0,5000,0,9ebf64d9bb4b06a5729e1e2b0420fe525ae017ed2c717d07159bd366c9c789cb,true
2-token-transfer-optimistic-2-5000,44,optimistic,token-transfer,5000,10000,2,1000,1.1,11123208,449510.6088099764,0,9692637,409342,1203112,0,2786,5000,0,9ebf64d9bb4b06a5729e1e2b0420fe525ae017ed2c717d07159bd366c9c789cb,true
2-private-state-sequential-2-5000,44,sequential,private-state,5000,10000,2,1000,1.1,10263625,487157.3152760355,0,6398643,0,1055662,0,0,4283,717,18a6f426b16fe5fbb931e9a240da0099e8f619f242904dd18bf7e71dd59131fc,true
2-private-state-static-2-5000,44,static,private-state,5000,10000,2,1000,1.1,273204375,18301.31746609109,2346834,11509189,0,2350077,14997,0,4283,717,18a6f426b16fe5fbb931e9a240da0099e8f619f242904dd18bf7e71dd59131fc,true
2-private-state-optimistic-2-5000,44,optimistic,private-state,5000,10000,2,1000,1.1,13740584,363885.5524626901,0,12617568,456678,1009985,0,4999,4283,717,18a6f426b16fe5fbb931e9a240da0099e8f619f242904dd18bf7e71dd59131fc,true
0-no-conflict-sequential-4-5000,42,sequential,no-conflict,5000,10002,4,1000,1.1,10768875,464301.0528026372,0,6223164,0,1381847,0,0,5000,0,29481b2e81cfe84b53c9e165e5632619de0e71348240589bc62f39f74739d466,true
0-no-conflict-static-4-5000,42,static,no-conflict,5000,10002,4,1000,1.1,13415916,372691.6596675173,4777875,12610686,0,1715614,0,0,5000,0,29481b2e81cfe84b53c9e165e5632619de0e71348240589bc62f39f74739d466,true
0-no-conflict-optimistic-4-5000,42,optimistic,no-conflict,5000,10002,4,1000,1.1,7508000,665956.3132658497,0,7453685,480259,1466278,0,0,5000,0,29481b2e81cfe84b53c9e165e5632619de0e71348240589bc62f39f74739d466,true
0-hotspot-sequential-4-5000,42,sequential,hotspot,5000,10000,4,1000,1.1,8591583,581964.9300949546,0,6224417,0,864172,0,0,5000,0,62845b590c70ab78a088bce36d6fffe360f50137eb8769e3850c457ea3089783,true
0-hotspot-static-4-5000,42,static,hotspot,5000,10000,4,1000,1.1,249329000,20053.824464863694,2188291,11871760,0,2544743,29994,0,5000,0,62845b590c70ab78a088bce36d6fffe360f50137eb8769e3850c457ea3089783,true
0-hotspot-optimistic-4-5000,42,optimistic,hotspot,5000,10000,4,1000,1.1,11535000,433463.3723450368,0,14745898,479940,855389,0,4999,5000,0,62845b590c70ab78a088bce36d6fffe360f50137eb8769e3850c457ea3089783,true
0-zipfian-sequential-4-5000,42,sequential,zipfian,5000,10000,4,1000,1.1,8571209,583348.27677169,0,6222453,0,827129,0,0,5000,0,e033f3beab2d9a552b0bcb8473aa175ac1aabf218007e42d7962dbf0fa6c659b,true
0-zipfian-static-4-5000,42,static,zipfian,5000,10000,4,1000,1.1,106163375,47097.22161715375,3490250,10633636,0,2250914,6357,0,5000,0,e033f3beab2d9a552b0bcb8473aa175ac1aabf218007e42d7962dbf0fa6c659b,true
0-zipfian-optimistic-4-5000,42,optimistic,zipfian,5000,10000,4,1000,1.1,10717666,466519.4828799479,0,13652961,344232,804331,0,4733,5000,0,e033f3beab2d9a552b0bcb8473aa175ac1aabf218007e42d7962dbf0fa6c659b,true
0-token-transfer-sequential-4-5000,42,sequential,token-transfer,5000,10000,4,1000,1.1,9810333,509666.69530993496,0,6313097,0,1179820,0,0,5000,0,ab80886b82eb235ee974eff3420b53d7af3d8eed051809a788130e42afd82d74,true
0-token-transfer-static-4-5000,42,static,token-transfer,5000,10000,4,1000,1.1,16958625,294835.223964207,3811833,8362941,0,1913482,276,0,5000,0,ab80886b82eb235ee974eff3420b53d7af3d8eed051809a788130e42afd82d74,true
0-token-transfer-optimistic-4-5000,42,optimistic,token-transfer,5000,10000,4,1000,1.1,24337291,205446.03752323953,0,24759189,1162718,2802131,0,2836,5000,0,ab80886b82eb235ee974eff3420b53d7af3d8eed051809a788130e42afd82d74,true
0-private-state-sequential-4-5000,42,sequential,private-state,5000,10000,4,1000,1.1,10553792,473763.3639169694,0,6475344,0,1158502,0,0,4222,778,8a1d97768621e5efa446259c261cd12c948a834a53503097192550d40ebb2157,true
0-private-state-static-4-5000,42,static,private-state,5000,10000,4,1000,1.1,369866875,13518.37738916198,2273750,13830000,0,2939052,15000,0,4222,778,8a1d97768621e5efa446259c261cd12c948a834a53503097192550d40ebb2157,true
0-private-state-optimistic-4-5000,42,optimistic,private-state,5000,10000,4,1000,1.1,12532500,398962.6969878316,0,13729994,564353,1007923,0,4999,4222,778,8a1d97768621e5efa446259c261cd12c948a834a53503097192550d40ebb2157,true
1-no-conflict-sequential-4-5000,43,sequential,no-conflict,5000,10002,4,1000,1.1,10639000,469968.9820471849,0,6344578,0,1394938,0,0,5000,0,29481b2e81cfe84b53c9e165e5632619de0e71348240589bc62f39f74739d466,true
1-no-conflict-static-4-5000,43,static,no-conflict,5000,10002,4,1000,1.1,12498750,400040.0040004001,4849958,10863032,0,1486912,0,0,5000,0,29481b2e81cfe84b53c9e165e5632619de0e71348240589bc62f39f74739d466,true
1-no-conflict-optimistic-4-5000,43,optimistic,no-conflict,5000,10002,4,1000,1.1,7421292,673737.1336419588,0,7550121,466938,1438658,0,0,5000,0,29481b2e81cfe84b53c9e165e5632619de0e71348240589bc62f39f74739d466,true
1-hotspot-sequential-4-5000,43,sequential,hotspot,5000,10000,4,1000,1.1,8249042,606130.9907259534,0,5967583,0,759630,0,0,5000,0,835b9bd2a10e75547b0e2168e9b51eafd0c030304fba2da9a498a3af91aa82ec,true
1-hotspot-static-4-5000,43,static,hotspot,5000,10000,4,1000,1.1,286834750,17431.639646172578,2281875,13816944,0,3299387,29994,0,5000,0,835b9bd2a10e75547b0e2168e9b51eafd0c030304fba2da9a498a3af91aa82ec,true
1-hotspot-optimistic-4-5000,43,optimistic,hotspot,5000,10000,4,1000,1.1,11086875,450983.7082135408,0,13207454,619977,916334,0,4999,5000,0,835b9bd2a10e75547b0e2168e9b51eafd0c030304fba2da9a498a3af91aa82ec,true
1-zipfian-sequential-4-5000,43,sequential,zipfian,5000,10000,4,1000,1.1,9187834,544197.9034449251,0,6173302,0,869612,0,0,5000,0,b22615982199ebf23bbe2655618ab91aa7ff6cce411f2153dd7317ed5df2271f,true
1-zipfian-static-4-5000,43,static,zipfian,5000,10000,4,1000,1.1,110366792,45303.48222860369,4371958,11220485,0,2649011,6531,0,5000,0,b22615982199ebf23bbe2655618ab91aa7ff6cce411f2153dd7317ed5df2271f,true
1-zipfian-optimistic-4-5000,43,optimistic,zipfian,5000,10000,4,1000,1.1,10337584,483672.0069215399,0,12332940,364764,816594,0,4745,5000,0,b22615982199ebf23bbe2655618ab91aa7ff6cce411f2153dd7317ed5df2271f,true
1-token-transfer-sequential-4-5000,43,sequential,token-transfer,5000,10000,4,1000,1.1,9777542,511375.9674977617,0,6183253,0,1154628,0,0,5000,0,9c120b8b320446e3e2072b94f7ddb08bd11d5c92f0c48dfdf623818a7d7f16c5,true
1-token-transfer-static-4-5000,43,static,token-transfer,5000,10000,4,1000,1.1,16622458,300797.87237242534,3794875,8600858,0,1691367,306,0,5000,0,9c120b8b320446e3e2072b94f7ddb08bd11d5c92f0c48dfdf623818a7d7f16c5,true
1-token-transfer-optimistic-4-5000,43,optimistic,token-transfer,5000,10000,4,1000,1.1,9940833,502975.95784981,0,10768442,512152,1258184,0,2791,5000,0,9c120b8b320446e3e2072b94f7ddb08bd11d5c92f0c48dfdf623818a7d7f16c5,true
1-private-state-sequential-4-5000,43,sequential,private-state,5000,10000,4,1000,1.1,10720917,466378.0159850132,0,6515785,0,1141906,0,0,4207,793,5d6405710c6b137efcdef37f931db6206e0d57e130d7870c5faf99099e24d9d1,true
1-private-state-static-4-5000,43,static,private-state,5000,10000,4,1000,1.1,400659709,12479.418039012255,3208125,14478916,0,3460306,15012,0,4207,793,5d6405710c6b137efcdef37f931db6206e0d57e130d7870c5faf99099e24d9d1,true
1-private-state-optimistic-4-5000,43,optimistic,private-state,5000,10000,4,1000,1.1,12270542,407479.96298778,0,13329791,406984,1014674,0,4999,4207,793,5d6405710c6b137efcdef37f931db6206e0d57e130d7870c5faf99099e24d9d1,true
2-no-conflict-sequential-4-5000,44,sequential,no-conflict,5000,10002,4,1000,1.1,10395125,480994.6970334652,0,6154651,0,1334401,0,0,5000,0,29481b2e81cfe84b53c9e165e5632619de0e71348240589bc62f39f74739d466,true
2-no-conflict-static-4-5000,44,static,no-conflict,5000,10002,4,1000,1.1,10626542,470519.9490106942,4373542,6945881,0,1482038,0,0,5000,0,29481b2e81cfe84b53c9e165e5632619de0e71348240589bc62f39f74739d466,true
2-no-conflict-optimistic-4-5000,44,optimistic,no-conflict,5000,10002,4,1000,1.1,8415834,594118.1824641502,0,7261008,482323,1473888,0,0,5000,0,29481b2e81cfe84b53c9e165e5632619de0e71348240589bc62f39f74739d466,true
2-hotspot-sequential-4-5000,44,sequential,hotspot,5000,10000,4,1000,1.1,8670917,576640.2792230626,0,6117262,0,940026,0,0,5000,0,a13ff21dd612e2ad4cdc96e8ef17c5822693bc73ef89301a5bd970fecf55b197,true
2-hotspot-static-4-5000,44,static,hotspot,5000,10000,4,1000,1.1,298196667,16767.45769931761,2150917,14117226,0,3089496,29997,0,5000,0,a13ff21dd612e2ad4cdc96e8ef17c5822693bc73ef89301a5bd970fecf55b197,true
2-hotspot-optimistic-4-5000,44,optimistic,hotspot,5000,10000,4,1000,1.1,11198000,446508.30505447404,0,13803280,509561,857318,0,4999,5000,0,a13ff21dd612e2ad4cdc96e8ef17c5822693bc73ef89301a5bd970fecf55b197,true
2-zipfian-sequential-4-5000,44,sequential,zipfian,5000,10000,4,1000,1.1,8454416,591406.9049831473,0,6151609,0,809576,0,0,5000,0,e63c3493597c4a6d2859f74b0a28a91a07cd39f2329efe0b085bc0b2b9ab75e0,true
2-zipfian-static-4-5000,44,static,zipfian,5000,10000,4,1000,1.1,116531167,42906.97612253381,3381375,11933184,0,2782460,6549,0,5000,0,e63c3493597c4a6d2859f74b0a28a91a07cd39f2329efe0b085bc0b2b9ab75e0,true
2-zipfian-optimistic-4-5000,44,optimistic,zipfian,5000,10000,4,1000,1.1,10935958,457207.31553650805,0,13283488,403325,859953,0,4742,5000,0,e63c3493597c4a6d2859f74b0a28a91a07cd39f2329efe0b085bc0b2b9ab75e0,true
2-token-transfer-sequential-4-5000,44,sequential,token-transfer,5000,10000,4,1000,1.1,9758875,512354.1391810019,0,6183712,0,1147716,0,0,5000,0,9ebf64d9bb4b06a5729e1e2b0420fe525ae017ed2c717d07159bd366c9c789cb,true
2-token-transfer-static-4-5000,44,static,token-transfer,5000,10000,4,1000,1.1,22953583,217830.91554813035,4255250,10511227,0,2360371,285,0,5000,0,9ebf64d9bb4b06a5729e1e2b0420fe525ae017ed2c717d07159bd366c9c789cb,true
2-token-transfer-optimistic-4-5000,44,optimistic,token-transfer,5000,10000,4,1000,1.1,9906875,504700.0189262507,0,10445534,515441,1312982,0,2786,5000,0,9ebf64d9bb4b06a5729e1e2b0420fe525ae017ed2c717d07159bd366c9c789cb,true
2-private-state-sequential-4-5000,44,sequential,private-state,5000,10000,4,1000,1.1,9739000,513399.73303213884,0,6056430,0,1012786,0,0,4283,717,18a6f426b16fe5fbb931e9a240da0099e8f619f242904dd18bf7e71dd59131fc,true
2-private-state-static-4-5000,44,static,private-state,5000,10000,4,1000,1.1,428112042,11679.18560907941,2233750,15124793,0,3881655,14997,0,4283,717,18a6f426b16fe5fbb931e9a240da0099e8f619f242904dd18bf7e71dd59131fc,true
2-private-state-optimistic-4-5000,44,optimistic,private-state,5000,10000,4,1000,1.1,12700916,393672.3933927285,0,13591370,506371,1097441,0,4999,4283,717,18a6f426b16fe5fbb931e9a240da0099e8f619f242904dd18bf7e71dd59131fc,true
0-no-conflict-sequential-8-5000,42,sequential,no-conflict,5000,10002,8,1000,1.1,10492333,476538.44002091815,0,6187683,0,1414763,0,0,5000,0,29481b2e81cfe84b53c9e165e5632619de0e71348240589bc62f39f74739d466,true
0-no-conflict-static-8-5000,42,static,no-conflict,5000,10002,8,1000,1.1,13022291,383957.0164727543,4749792,16974349,0,1667652,0,0,5000,0,29481b2e81cfe84b53c9e165e5632619de0e71348240589bc62f39f74739d466,true
0-no-conflict-optimistic-8-5000,42,optimistic,no-conflict,5000,10002,8,1000,1.1,7177958,696576.9373406755,0,12523394,456763,1389020,0,0,5000,0,29481b2e81cfe84b53c9e165e5632619de0e71348240589bc62f39f74739d466,true
0-hotspot-sequential-8-5000,42,sequential,hotspot,5000,10000,8,1000,1.1,8685333,575683.1660916167,0,6309163,0,845669,0,0,5000,0,62845b590c70ab78a088bce36d6fffe360f50137eb8769e3850c457ea3089783,true
0-hotspot-static-8-5000,42,static,hotspot,5000,10000,8,1000,1.1,276481958,18084.36266933555,2258792,14403491,0,2852830,29994,0,5000,0,62845b590c70ab78a088bce36d6fffe360f50137eb8769e3850c457ea3089783,true
0-hotspot-optimistic-8-5000,42,optimistic,hotspot,5000,10000,8,1000,1.1,10838083,461336.19755449373,0,15377741,621791,874234,0,4999,5000,0,62845b590c70ab78a088bce36d6fffe360f50137eb8769e3850c457ea3089783,true
0-zipfian-sequential-8-5000,42,sequential,zipfian,5000,10000,8,1000,1.1,8556208,584371.0204333509,0,6202208,0,822280,0,0,5000,0,e033f3beab2d9a552b0bcb8473aa175ac1aabf218007e42d7962dbf0fa6c659b,true
0-zipfian-static-8-5000,42,static,zipfian,5000,10000,8,1000,1.1,112810500,44322.115405924094,3709125,13918385,0,2241962,6357,0,5000,0,e033f3beab2d9a552b0bcb8473aa175ac1aabf218007e42d7962dbf0fa6c659b,true
0-zipfian-optimistic-8-5000,42,optimistic,zipfian,5000,10000,8,1000,1.1,10430917,479344.24173828634,0,15602511,412132,840222,0,4733,5000,0,e033f3beab2d9a552b0bcb8473aa175ac1aabf218007e42d7962dbf0fa6c659b,true
0-token-transfer-sequential-8-5000,42,sequential,token-transfer,5000,10000,8,1000,1.1,10126166,493770.2976625111,0,6470212,0,1237356,0,0,5000,0,ab80886b82eb235ee974eff3420b53d7af3d8eed051809a788130e42afd82d74,true
0-token-transfer-static-8-5000,42,static,token-transfer,5000,10000,8,1000,1.1,25191959,198476.02959341113,5148709,10645339,0,1819641,276,0,5000,0,ab80886b82eb235ee974eff3420b53d7af3d8eed051809a788130e42afd82d74,true
0-token-transfer-optimistic-8-5000,42,optimistic,token-transfer,5000,10000,8,1000,1.1,9542500,523971.7055279015,0,12660361,479921,1282988,0,2836,5000,0,ab80886b82eb235ee974eff3420b53d7af3d8eed051809a788130e42afd82d74,true
0-private-state-sequential-8-5000,42,sequential,private-state,5000,10000,8,1000,1.1,9928125,503619.76707585773,0,6144283,0,1056912,0,0,4222,778,8a1d97768621e5efa446259c261cd12c948a834a53503097192550d40ebb2157,true
0-private-state-static-8-5000,42,static,private-state,5000,10000,8,1000,1.1,377924583,13230.15285300983,2366916,13910088,0,2738055,15000,0,4222,778,8a1d97768621e5efa446259c261cd12c948a834a53503097192550d40ebb2157,true
0-private-state-optimistic-8-5000,42,optimistic,private-state,5000,10000,8,1000,1.1,11997500,416753.49031048134,0,15500619,462585,1067487,0,4999,4222,778,8a1d97768621e5efa446259c261cd12c948a834a53503097192550d40ebb2157,true
1-no-conflict-sequential-8-5000,43,sequential,no-conflict,5000,10002,8,1000,1.1,11688875,427757.16225898557,0,6764830,0,1551622,0,0,5000,0,29481b2e81cfe84b53c9e165e5632619de0e71348240589bc62f39f74739d466,true
1-no-conflict-static-8-5000,43,static,no-conflict,5000,10002,8,1000,1.1,20633834,242320.45290274217,11558334,17348382,0,2480397,0,0,5000,0,29481b2e81cfe84b53c9e165e5632619de0e71348240589bc62f39f74739d466,true
1-no-conflict-optimistic-8-5000,43,optimistic,no-conflict,5000,10002,8,1000,1.1,6833125,731729.6259032288,0,10309677,463831,1405898,0,0,5000,0,29481b2e81cfe84b53c9e165e5632619de0e71348240589bc62f39f74739d466,true
1-hotspot-sequential-8-5000,43,sequential,hotspot,5000,10000,8,1000,1.1,8772000,569995.4400364797,0,6283501,0,902265,0,0,5000,0,835b9bd2a10e75547b0e2168e9b51eafd0c030304fba2da9a498a3af91aa82ec,true
1-hotspot-static-8-5000,43,static,hotspot,5000,10000,8,1000,1.1,273349208,18291.620585196648,2240375,14396177,0,2904875,29994,0,5000,0,835b9bd2a10e75547b0e2168e9b51eafd0c030304fba2da9a498a3af91aa82ec,true
1-hotspot-optimistic-8-5000,43,optimistic,hotspot,5000,10000,8,1000,1.1,10343334,483403.1270768207,0,15146611,513797,836142,0,4999,5000,0,835b9bd2a10e75547b0e2168e9b51eafd0c030304fba2da9a498a3af91aa82ec,true
1-zipfian-sequential-8-5000,43,sequential,zipfian,5000,10000,8,1000,1.1,11054250,452314.72058258136,0,6992783,0,1217223,0,0,5000,0,b22615982199ebf23bbe2655618ab91aa7ff6cce411f2153dd7317ed5df2271f,true
1-zipfian-static-8-5000,43,static,zipfian,5000,10000,8,1000,1.1,124999875,40000.040000040004,7973167,15630839,0,2445984,6531,0,5000,0,b22615982199ebf23bbe2655618ab91aa7ff6cce411f2153dd7317ed5df2271f,true
1-zipfian-optimistic-8-5000,43,optimistic,zipfian,5000,10000,8,1000,1.1,11099208,450482.5929922207,0,15818615,561917,1029238,0,4745,5000,0,b22615982199ebf23bbe2655618ab91aa7ff6cce411f2153dd7317ed5df2271f,true
1-token-transfer-sequential-8-5000,43,sequential,token-transfer,5000,10000,8,1000,1.1,10788750,463445.7189201715,0,6636623,0,1355740,0,0,5000,0,9c120b8b320446e3e2072b94f7ddb08bd11d5c92f0c48dfdf623818a7d7f16c5,true
1-token-transfer-static-8-5000,43,static,token-transfer,5000,10000,8,1000,1.1,23065125,216777.49416055626,4073958,9494487,0,1717171,306,0,5000,0,9c120b8b320446e3e2072b94f7ddb08bd11d5c92f0c48dfdf623818a7d7f16c5,true
1-token-transfer-optimistic-8-5000,43,optimistic,token-transfer,5000,10000,8,1000,1.1,10036500,498181.63702485926,0,13979124,464166,1239832,0,2791,5000,0,9c120b8b320446e3e2072b94f7ddb08bd11d5c92f0c48dfdf623818a7d7f16c5,true
1-private-state-sequential-8-5000,43,sequential,private-state,5000,10000,8,1000,1.1,9967375,501636.58937282884,0,6209516,0,1032556,0,0,4207,793,5d6405710c6b137efcdef37f931db6206e0d57e130d7870c5faf99099e24d9d1,true
1-private-state-static-8-5000,43,static,private-state,5000,10000,8,1000,1.1,490677500,10189.992408455655,2494625,15777694,0,2930430,15012,0,4207,793,5d6405710c6b137efcdef37f931db6206e0d57e130d7870c5faf99099e24d9d1,true
1-private-state-optimistic-8-5000,43,optimistic,private-state,5000,10000,8,1000,1.1,12198416,409889.28398572403,0,17160686,605800,1032968,0,4999,4207,793,5d6405710c6b137efcdef37f931db6206e0d57e130d7870c5faf99099e24d9d1,true
2-no-conflict-sequential-8-5000,44,sequential,no-conflict,5000,10002,8,1000,1.1,11380083,439364.1065711033,0,6548804,0,1515669,0,0,5000,0,29481b2e81cfe84b53c9e165e5632619de0e71348240589bc62f39f74739d466,true
2-no-conflict-static-8-5000,44,static,no-conflict,5000,10002,8,1000,1.1,13003125,384522.9512136505,5534875,15849758,0,1534417,0,0,5000,0,29481b2e81cfe84b53c9e165e5632619de0e71348240589bc62f39f74739d466,true
2-no-conflict-optimistic-8-5000,44,optimistic,no-conflict,5000,10002,8,1000,1.1,7308584,684127.0484132083,0,9534163,455817,1389248,0,0,5000,0,29481b2e81cfe84b53c9e165e5632619de0e71348240589bc62f39f74739d466,true
2-hotspot-sequential-8-5000,44,sequential,hotspot,5000,10000,8,1000,1.1,8609583,580748.2197453697,0,6224440,0,866135,0,0,5000,0,a13ff21dd612e2ad4cdc96e8ef17c5822693bc73ef89301a5bd970fecf55b197,true
2-hotspot-static-8-5000,44,static,hotspot,5000,10000,8,1000,1.1,279328542,17900.068371817153,2279667,13950483,0,2901252,29997,0,5000,0,a13ff21dd612e2ad4cdc96e8ef17c5822693bc73ef89301a5bd970fecf55b197,true
2-hotspot-optimistic-8-5000,44,optimistic,hotspot,5000,10000,8,1000,1.1,10754667,464914.4413304475,0,14738738,463264,874067,0,4999,5000,0,a13ff21dd612e2ad4cdc96e8ef17c5822693bc73ef89301a5bd970fecf55b197,true
2-zipfian-sequential-8-5000,44,sequential,zipfian,5000,10000,8,1000,1.1,8537375,585660.1121539115,0,6213794,0,818598,0,0,5000,0,e63c3493597c4a6d2859f74b0a28a91a07cd39f2329efe0b085bc0b2b9ab75e0,true
2-zipfian-static-8-5000,44,static,zipfian,5000,10000,8,1000,1.1,119941667,41686.93103123204,3535792,14979277,0,2204678,6549,0,5000,0,e63c3493597c4a6d2859f74b0a28a91a07cd39f2329efe0b085bc0b2b9ab75e0,true
2-zipfian-optimistic-8-5000,44,optimistic,zipfian,5000,10000,8,1000,1.1,10165459,491861.7054084818,0,15217913,372916,856788,0,4742,5000,0,e63c3493597c4a6d2859f74b0a28a91a07cd39f2329efe0b085bc0b2b9ab75e0,true
2-token-transfer-sequential-8-5000,44,sequential,token-transfer,5000,10000,8,1000,1.1,10388417,481305.2845298759,0,6599118,0,1246871,0,0,5000,0,9ebf64d9bb4b06a5729e1e2b0420fe525ae017ed2c717d07159bd366c9c789cb,true
2-token-transfer-static-8-5000,44,static,token-transfer,5000,10000,8,1000,1.1,25739958,194250.51120907033,5642334,10450666,0,1870468,285,0,5000,0,9ebf64d9bb4b06a5729e1e2b0420fe525ae017ed2c717d07159bd366c9c789cb,true
2-token-transfer-optimistic-8-5000,44,optimistic,token-transfer,5000,10000,8,1000,1.1,9786125,510927.4610737141,0,13035556,463951,1276928,0,2786,5000,0,9ebf64d9bb4b06a5729e1e2b0420fe525ae017ed2c717d07159bd366c9c789cb,true
2-private-state-sequential-8-5000,44,sequential,private-state,5000,10000,8,1000,1.1,9858334,507185.0882715071,0,6127178,0,1034125,0,0,4283,717,18a6f426b16fe5fbb931e9a240da0099e8f619f242904dd18bf7e71dd59131fc,true
2-private-state-static-8-5000,44,static,private-state,5000,10000,8,1000,1.1,445520916,11222.817651057263,2271417,14658424,0,3061540,14997,0,4283,717,18a6f426b16fe5fbb931e9a240da0099e8f619f242904dd18bf7e71dd59131fc,true
2-private-state-optimistic-8-5000,44,optimistic,private-state,5000,10000,8,1000,1.1,11443459,436930.82659709797,0,14613205,440401,1020406,0,4999,4283,717,18a6f426b16fe5fbb931e9a240da0099e8f619f242904dd18bf7e71dd59131fc,true
